1669015390626	geckodriver	INFO	Listening on 127.0.0.1:54967
1669015391164	mozrunner::runner	INFO	Running command: "/usr/bin/firefox" "--marionette" "--remote-debugging-port" "35373" "--remote-allow-hosts" "localhost" "-no-remote" "-profile" "/tmp/rust_mozprofiletUb6Hj"
ATTENTION: default value of option mesa_glthread overridden by environment.
ATTENTION: default value of option mesa_glthread overridden by environment.
ATTENTION: default value of option mesa_glthread overridden by environment.
ATTENTION: default value of option mesa_glthread overridden by environment.
1669015391580	Marionette	INFO	Marionette enabled
1669015391582	Marionette	INFO	Listening on port 35077
WebDriver BiDi listening on ws://127.0.0.1:35373
Read port: 35077
1669015391746	RemoteAgent	WARN	TLS certificate errors will be ignored for this session
console.warn: SearchSettings: "get: No settings file exists, new profile?" (new NotFoundError("Could not open the file at /tmp/rust_mozprofiletUb6Hj/search.json.mozlz4", (void 0)))
DevTools listening on ws://127.0.0.1:35373/devtools/browser/f4495472-0a36-43a9-bbe8-3156c5e70196
1669015407613	geckodriver	INFO	Listening on 127.0.0.1:57767
1669015408153	mozrunner::runner	INFO	Running command: "/usr/bin/firefox" "--marionette" "--remote-debugging-port" "47933" "--remote-allow-hosts" "localhost" "-no-remote" "-profile" "/tmp/rust_mozprofileoixhho"
ATTENTION: default value of option mesa_glthread overridden by environment.
ATTENTION: default value of option mesa_glthread overridden by environment.
ATTENTION: default value of option mesa_glthread overridden by environment.
ATTENTION: default value of option mesa_glthread overridden by environment.
1669015408565	Marionette	INFO	Marionette enabled
1669015408567	Marionette	INFO	Listening on port 43863
WebDriver BiDi listening on ws://127.0.0.1:47933
Read port: 43863
1669015408725	RemoteAgent	WARN	TLS certificate errors will be ignored for this session
console.warn: SearchSettings: "get: No settings file exists, new profile?" (new NotFoundError("Could not open the file at /tmp/rust_mozprofileoixhho/search.json.mozlz4", (void 0)))
DevTools listening on ws://127.0.0.1:47933/devtools/browser/602fd6e4-cf2b-4406-b075-a25d8c1c7598
1669015478306	geckodriver	INFO	Listening on 127.0.0.1:50641
1669015478362	mozrunner::runner	INFO	Running command: "/usr/bin/firefox" "--marionette" "--remote-debugging-port" "46055" "--remote-allow-hosts" "localhost" "-no-remote" "-profile" "/tmp/rust_mozprofileVCzm1t"
ATTENTION: default value of option mesa_glthread overridden by environment.
ATTENTION: default value of option mesa_glthread overridden by environment.
ATTENTION: default value of option mesa_glthread overridden by environment.
ATTENTION: default value of option mesa_glthread overridden by environment.
1669015478753	Marionette	INFO	Marionette enabled
1669015478756	Marionette	INFO	Listening on port 33453
Read port: 33453
WebDriver BiDi listening on ws://127.0.0.1:46055
1669015478854	RemoteAgent	WARN	TLS certificate errors will be ignored for this session
console.warn: SearchSettings: "get: No settings file exists, new profile?" (new NotFoundError("Could not open the file at /tmp/rust_mozprofileVCzm1t/search.json.mozlz4", (void 0)))
DevTools listening on ws://127.0.0.1:46055/devtools/browser/2facc485-5205-4ab4-b919-6eae8921086f
1669015597878	geckodriver	INFO	Listening on 127.0.0.1:43897
1669015598418	mozrunner::runner	INFO	Running command: "/usr/bin/firefox" "--marionette" "--remote-debugging-port" "33457" "--remote-allow-hosts" "localhost" "-no-remote" "-profile" "/tmp/rust_mozprofile9qB5tp"
ATTENTION: default value of option mesa_glthread overridden by environment.
ATTENTION: default value of option mesa_glthread overridden by environment.
ATTENTION: default value of option mesa_glthread overridden by environment.
ATTENTION: default value of option mesa_glthread overridden by environment.
1669015598791	Marionette	INFO	Marionette enabled
1669015598795	Marionette	INFO	Listening on port 34079
Read port: 34079
WebDriver BiDi listening on ws://127.0.0.1:33457
1669015598890	RemoteAgent	WARN	TLS certificate errors will be ignored for this session
console.warn: SearchSettings: "get: No settings file exists, new profile?" (new NotFoundError("Could not open the file at /tmp/rust_mozprofile9qB5tp/search.json.mozlz4", (void 0)))
DevTools listening on ws://127.0.0.1:33457/devtools/browser/48ea4bd4-7d77-4702-9057-f5837ba1e1dd
console.warn: LoginRecipes: "Falling back to a synchronous message for: https://ok.ru."
console.warn: LoginRecipes: "Falling back to a synchronous message for: https://ok.ru."
1669015649787	Marionette	INFO	Stopped listening on port 34079
console.warn: TopSitesFeed: Failed to fetch data from Contile server: NetworkError when attempting to fetch resource.
1669015652414	geckodriver	INFO	Listening on 127.0.0.1:49999
1669015652973	mozrunner::runner	INFO	Running command: "/usr/bin/firefox" "--marionette" "--remote-debugging-port" "60107" "--remote-allow-hosts" "localhost" "-no-remote" "-profile" "/tmp/rust_mozprofileANJoR0"
ATTENTION: default value of option mesa_glthread overridden by environment.
ATTENTION: default value of option mesa_glthread overridden by environment.
ATTENTION: default value of option mesa_glthread overridden by environment.
ATTENTION: default value of option mesa_glthread overridden by environment.
1669015653335	Marionette	INFO	Marionette enabled
1669015653339	Marionette	INFO	Listening on port 37347
Read port: 37347
WebDriver BiDi listening on ws://127.0.0.1:60107
1669015653442	RemoteAgent	WARN	TLS certificate errors will be ignored for this session
console.warn: SearchSettings: "get: No settings file exists, new profile?" (new NotFoundError("Could not open the file at /tmp/rust_mozprofileANJoR0/search.json.mozlz4", (void 0)))
DevTools listening on ws://127.0.0.1:60107/devtools/browser/df45cbf7-69e5-4aa9-9a9c-805bed87b641
console.warn: LoginRecipes: "Falling back to a synchronous message for: https://ok.ru."
console.warn: LoginRecipes: "Falling back to a synchronous message for: https://ok.ru."
[Child 6795, MediaDecoderStateMachine #1] WARNING: Decoder=7f9aa767e300 state=DECODING_METADATA Decode metadata failed, shutting down decoder: file /builds/worker/checkouts/gecko/dom/media/MediaDecoderStateMachine.cpp:370
[Child 6795, MediaDecoderStateMachine #1] WARNING: Decoder=7f9aa767e300 Decode error: NS_ERROR_DOM_MEDIA_METADATA_ERR (0x806e0006): file /builds/worker/checkouts/gecko/dom/media/MediaDecoderStateMachineBase.cpp:151
JavaScript error: https://ok.ru/res/js/lib/require-2.1.11_1ae533d5.js, line 6: Error: Script error for: adman
http://requirejs.org/docs/errors.html#scripterror
console.error: (new TypeError("parent is null", "resource://devtools/client/inspector/shared/style-change-tracker.js", 67))
TypeError: parent is null: canMutationImpactCurrentStyles@resource://devtools/client/inspector/shared/style-change-tracker.js:67:24
onMutations@resource://devtools/client/inspector/shared/style-change-tracker.js:84:41
_emit@resource://devtools/shared/event-emitter.js:242:32
emit@resource://devtools/shared/event-emitter.js:186:18
emit@resource://devtools/shared/event-emitter.js:330:18
getMutations@resource://devtools/client/fronts/walker.js:313:10

console.error: (new TypeError("container.node.targetFront is null", "resource://devtools/client/inspector/markup/markup.js", 2353))
JavaScript error: , line 0: TypeError: NetworkError when attempting to fetch resource.
console.error: "Unable to find target with innerWindowId:4294967299"
[Child 6795, MediaDecoderStateMachine #2] WARNING: Decoder=7f9ac68fa100 state=DECODING_METADATA Decode metadata failed, shutting down decoder: file /builds/worker/checkouts/gecko/dom/media/MediaDecoderStateMachine.cpp:370
[Child 6795, MediaDecoderStateMachine #2] WARNING: Decoder=7f9ac68fa100 Decode error: NS_ERROR_DOM_MEDIA_METADATA_ERR (0x806e0006): file /builds/worker/checkouts/gecko/dom/media/MediaDecoderStateMachineBase.cpp:151
JavaScript error: https://ok.ru/res/js/lib/require-2.1.11_1ae533d5.js, line 6: Error: Script error for: adman
http://requirejs.org/docs/errors.html#scripterror
JavaScript error: resource://gre/modules/XULStore.jsm, line 58: Error: Can't find profile directory.
JavaScript error: resource://gre/modules/XULStore.jsm, line 58: Error: Can't find profile directory.
JavaScript error: https://ok.ru/web/gwt/56a82b14/one.app.community.dk.gwt.dm.block.Block/415D46586D6A5EA08D42CD92EF3DF315.cache.html, line 2436: TypeError: a.W is null
JavaScript error: , line 0: AbortError: The fetching process for the media resource was aborted by the user agent at the user's request.
JavaScript error: , line 0: AbortError: The fetching process for the media resource was aborted by the user agent at the user's request.
JavaScript error: resource://gre/modules/AsyncShutdown.jsm, line 574: NotFoundError: No such JSWindowActor 'DevToolsFrame'
JavaScript error: resource://gre/modules/AsyncShutdown.jsm, line 574: NotFoundError: No such JSWindowActor 'DevToolsFrame'
1669016075558	Marionette	INFO	Stopped listening on port 37347
1669016154437	geckodriver	INFO	Listening on 127.0.0.1:48437
1669016154974	mozrunner::runner	INFO	Running command: "/bin/firefox" "--marionette" "--remote-debugging-port" "59667" "--remote-allow-hosts" "localhost" "-no-remote" "-profile" "/tmp/rust_mozprofileJFFNlI"
ATTENTION: default value of option mesa_glthread overridden by environment.
ATTENTION: default value of option mesa_glthread overridden by environment.
ATTENTION: default value of option mesa_glthread overridden by environment.
ATTENTION: default value of option mesa_glthread overridden by environment.
1669016155431	Marionette	INFO	Marionette enabled
1669016155434	Marionette	INFO	Listening on port 39735
Read port: 39735
WebDriver BiDi listening on ws://127.0.0.1:59667
1669016155548	RemoteAgent	WARN	TLS certificate errors will be ignored for this session
console.warn: SearchSettings: "get: No settings file exists, new profile?" (new NotFoundError("Could not open the file at /tmp/rust_mozprofileJFFNlI/search.json.mozlz4", (void 0)))
DevTools listening on ws://127.0.0.1:59667/devtools/browser/80a69bcb-0258-4b30-a133-5a0e1c016710
console.warn: LoginRecipes: "Falling back to a synchronous message for: https://ok.ru."
console.warn: LoginRecipes: "Falling back to a synchronous message for: https://ok.ru."
[Child 7775, MediaDecoderStateMachine #1] WARNING: Decoder=7fa69178a900 state=DECODING_METADATA Decode metadata failed, shutting down decoder: file /builds/worker/checkouts/gecko/dom/media/MediaDecoderStateMachine.cpp:370
[Child 7775, MediaDecoderStateMachine #1] WARNING: Decoder=7fa69178a900 Decode error: NS_ERROR_DOM_MEDIA_METADATA_ERR (0x806e0006): file /builds/worker/checkouts/gecko/dom/media/MediaDecoderStateMachineBase.cpp:151
JavaScript error: https://ok.ru/res/js/lib/require-2.1.11_1ae533d5.js, line 6: Error: Script error for: adman
http://requirejs.org/docs/errors.html#scripterror
1669016272733	Marionette	INFO	Stopped listening on port 39735
console.warn: TopSitesFeed: Failed to fetch data from Contile server: NetworkError when attempting to fetch resource.
1669016287866	geckodriver	INFO	Listening on 127.0.0.1:40999
1669016288423	mozrunner::runner	INFO	Running command: "/bin/firefox" "--marionette" "--remote-debugging-port" "59013" "--remote-allow-hosts" "localhost" "-no-remote" "-profile" "/tmp/rust_mozprofileE2tjKO"
ATTENTION: default value of option mesa_glthread overridden by environment.
ATTENTION: default value of option mesa_glthread overridden by environment.
ATTENTION: default value of option mesa_glthread overridden by environment.
ATTENTION: default value of option mesa_glthread overridden by environment.
1669016289005	Marionette	INFO	Marionette enabled
1669016289008	Marionette	INFO	Listening on port 35537
Read port: 35537
WebDriver BiDi listening on ws://127.0.0.1:59013
1669016289091	RemoteAgent	WARN	TLS certificate errors will be ignored for this session
console.warn: SearchSettings: "get: No settings file exists, new profile?" (new NotFoundError("Could not open the file at /tmp/rust_mozprofileE2tjKO/search.json.mozlz4", (void 0)))
DevTools listening on ws://127.0.0.1:59013/devtools/browser/37af5e85-f647-4513-82f5-a65797f24441
console.warn: LoginRecipes: "Falling back to a synchronous message for: https://ok.ru."
console.warn: LoginRecipes: "Falling back to a synchronous message for: https://ok.ru."
[Child 8767, MediaDecoderStateMachine #1] WARNING: Decoder=7fcd9944b300 state=DECODING_METADATA Decode metadata failed, shutting down decoder: file /builds/worker/checkouts/gecko/dom/media/MediaDecoderStateMachine.cpp:370
[Child 8767, MediaDecoderStateMachine #1] WARNING: Decoder=7fcd9944b300 Decode error: NS_ERROR_DOM_MEDIA_METADATA_ERR (0x806e0006): file /builds/worker/checkouts/gecko/dom/media/MediaDecoderStateMachineBase.cpp:151
JavaScript error: https://ok.ru/res/js/lib/require-2.1.11_1ae533d5.js, line 6: Error: Script error for: adman
http://requirejs.org/docs/errors.html#scripterror
1669016330984	geckodriver	INFO	Listening on 127.0.0.1:41099
1669016331510	mozrunner::runner	INFO	Running command: "/bin/firefox" "--marionette" "--remote-debugging-port" "57673" "--remote-allow-hosts" "localhost" "-no-remote" "-profile" "/tmp/rust_mozprofileYrlUvw"
ATTENTION: default value of option mesa_glthread overridden by environment.
ATTENTION: default value of option mesa_glthread overridden by environment.
ATTENTION: default value of option mesa_glthread overridden by environment.
ATTENTION: default value of option mesa_glthread overridden by environment.
1669016332076	Marionette	INFO	Marionette enabled
1669016332079	Marionette	INFO	Listening on port 42263
Read port: 42263
WebDriver BiDi listening on ws://127.0.0.1:57673
1669016332175	RemoteAgent	WARN	TLS certificate errors will be ignored for this session
console.warn: SearchSettings: "get: No settings file exists, new profile?" (new NotFoundError("Could not open the file at /tmp/rust_mozprofileYrlUvw/search.json.mozlz4", (void 0)))
DevTools listening on ws://127.0.0.1:57673/devtools/browser/42ef92a7-53c1-42f4-a1b1-1f5a81ad75a6
console.warn: LoginRecipes: "Falling back to a synchronous message for: https://ok.ru."
console.warn: LoginRecipes: "Falling back to a synchronous message for: https://ok.ru."
[Child 9176, MediaDecoderStateMachine #1] WARNING: Decoder=7f3d020d1100 state=DECODING_METADATA Decode metadata failed, shutting down decoder: file /builds/worker/checkouts/gecko/dom/media/MediaDecoderStateMachine.cpp:370
[Child 9176, MediaDecoderStateMachine #1] WARNING: Decoder=7f3d020d1100 Decode error: NS_ERROR_DOM_MEDIA_METADATA_ERR (0x806e0006): file /builds/worker/checkouts/gecko/dom/media/MediaDecoderStateMachineBase.cpp:151
JavaScript error: https://ok.ru/res/js/lib/require-2.1.11_1ae533d5.js, line 6: Error: Script error for: adman
http://requirejs.org/docs/errors.html#scripterror
[Child 9480, MediaDecoderStateMachine #1] WARNING: Decoder=7fd2e2162300 state=DECODING_METADATA Decode metadata failed, shutting down decoder: file /builds/worker/checkouts/gecko/dom/media/MediaDecoderStateMachine.cpp:370
[Child 9480, MediaDecoderStateMachine #1] WARNING: Decoder=7fd2e2162300 Decode error: NS_ERROR_DOM_MEDIA_METADATA_ERR (0x806e0006): file /builds/worker/checkouts/gecko/dom/media/MediaDecoderStateMachineBase.cpp:151
console.error: (new TypeError("container.node.targetFront is null", "resource://devtools/client/inspector/markup/markup.js", 2353))
console.error: services.settings: 
  main/public-suffix-list Signature failed  InvalidSignatureError: Invalid content signature (main/public-suffix-list)
console.error: services.settings: 
  main/public-suffix-list local data was corrupted
console.warn: services.settings: main/public-suffix-list Signature verified failed. Retry from scratch
console.error: services.settings: 
  main/public-suffix-list Signature failed again InvalidSignatureError: Invalid content signature (main/public-suffix-list)
console.error: services.settings: 
  Message: InvalidSignatureError: Invalid content signature (main/public-suffix-list)
  Stack:
    InvalidSignatureError@resource://services-settings/RemoteSettingsClient.jsm:169:5
_validateCollectionSignature@resource://services-settings/RemoteSettingsClient.jsm:977:13

console.error: services.settings: 
  main/pioneer-study-addons-v1 Signature failed  InvalidSignatureError: Invalid content signature (main/pioneer-study-addons-v1)
console.error: services.settings: 
  main/pioneer-study-addons-v1 local data was corrupted
console.warn: services.settings: main/pioneer-study-addons-v1 Signature verified failed. Retry from scratch
console.error: services.settings: 
  main/pioneer-study-addons-v1 Signature failed again InvalidSignatureError: Invalid content signature (main/pioneer-study-addons-v1)
console.error: services.settings: 
  Message: InvalidSignatureError: Invalid content signature (main/pioneer-study-addons-v1)
  Stack:
    InvalidSignatureError@resource://services-settings/RemoteSettingsClient.jsm:169:5
_validateCollectionSignature@resource://services-settings/RemoteSettingsClient.jsm:977:13

console.error: services.settings: 
  main/doh-providers Signature failed  InvalidSignatureError: Invalid content signature (main/doh-providers)
console.error: services.settings: 
  main/doh-providers local data was corrupted
console.warn: services.settings: main/doh-providers Signature verified failed. Retry from scratch
console.error: services.settings: 
  main/doh-providers Signature failed again InvalidSignatureError: Invalid content signature (main/doh-providers)
console.error: services.settings: 
  Message: InvalidSignatureError: Invalid content signature (main/doh-providers)
  Stack:
    InvalidSignatureError@resource://services-settings/RemoteSettingsClient.jsm:169:5
_validateCollectionSignature@resource://services-settings/RemoteSettingsClient.jsm:977:13

console.error: services.settings: 
  main/addons-manager-settings Signature failed  InvalidSignatureError: Invalid content signature (main/addons-manager-settings)
console.error: services.settings: 
  main/addons-manager-settings local data was corrupted
console.warn: services.settings: main/addons-manager-settings Signature verified failed. Retry from scratch
console.error: services.settings: 
  main/addons-manager-settings Signature failed again InvalidSignatureError: Invalid content signature (main/addons-manager-settings)
console.error: services.settings: 
  Message: InvalidSignatureError: Invalid content signature (main/addons-manager-settings)
  Stack:
    InvalidSignatureError@resource://services-settings/RemoteSettingsClient.jsm:169:5
_validateCollectionSignature@resource://services-settings/RemoteSettingsClient.jsm:977:13

console.error: services.settings: 
  main/doh-config Signature failed  InvalidSignatureError: Invalid content signature (main/doh-config)
console.error: services.settings: 
  main/doh-config local data was corrupted
console.warn: services.settings: main/doh-config Signature verified failed. Retry from scratch
console.error: services.settings: 
  main/doh-config Signature failed again InvalidSignatureError: Invalid content signature (main/doh-config)
console.error: services.settings: 
  Message: InvalidSignatureError: Invalid content signature (main/doh-config)
  Stack:
    InvalidSignatureError@resource://services-settings/RemoteSettingsClient.jsm:169:5
_validateCollectionSignature@resource://services-settings/RemoteSettingsClient.jsm:977:13

console.error: "Unable to find target with innerWindowId:4294967299"
[Child 9176, MediaDecoderStateMachine #3] WARNING: Decoder=7f3cf9708500 state=DECODING_METADATA Decode metadata failed, shutting down decoder: file /builds/worker/checkouts/gecko/dom/media/MediaDecoderStateMachine.cpp:370
[Child 9176, MediaDecoderStateMachine #3] WARNING: Decoder=7f3cf9708500 Decode error: NS_ERROR_DOM_MEDIA_METADATA_ERR (0x806e0006): file /builds/worker/checkouts/gecko/dom/media/MediaDecoderStateMachineBase.cpp:151
JavaScript error: https://ok.ru/res/js/lib/require-2.1.11_1ae533d5.js, line 6: Error: Script error for: adman
http://requirejs.org/docs/errors.html#scripterror
console.error: "Unable to find target with innerWindowId:4294967302"
[Child 9176, MediaDecoderStateMachine #3] WARNING: Decoder=7f3d1d77bf00 state=DECODING_METADATA Decode metadata failed, shutting down decoder: file /builds/worker/checkouts/gecko/dom/media/MediaDecoderStateMachine.cpp:370
[Child 9176, MediaDecoderStateMachine #3] WARNING: Decoder=7f3d1d77bf00 Decode error: NS_ERROR_DOM_MEDIA_METADATA_ERR (0x806e0006): file /builds/worker/checkouts/gecko/dom/media/MediaDecoderStateMachineBase.cpp:151
JavaScript error: https://ok.ru/res/js/lib/require-2.1.11_1ae533d5.js, line 6: Error: Script error for: adman
http://requirejs.org/docs/errors.html#scripterror
console.error: "Unable to find target with innerWindowId:4294967305"
[Child 9176, MediaDecoderStateMachine #3] WARNING: Decoder=7f3cf9777900 state=DECODING_METADATA Decode metadata failed, shutting down decoder: file /builds/worker/checkouts/gecko/dom/media/MediaDecoderStateMachine.cpp:370
[Child 9176, MediaDecoderStateMachine #3] WARNING: Decoder=7f3cf9777900 Decode error: NS_ERROR_DOM_MEDIA_METADATA_ERR (0x806e0006): file /builds/worker/checkouts/gecko/dom/media/MediaDecoderStateMachineBase.cpp:151
JavaScript error: https://ok.ru/res/js/lib/require-2.1.11_1ae533d5.js, line 6: Error: Script error for: adman
http://requirejs.org/docs/errors.html#scripterror
JavaScript error: resource://devtools/client/inspector/rules/utils/utils.js, line 186: TypeError: rule is undefined
JavaScript error: resource://devtools/client/inspector/rules/utils/utils.js, line 186: TypeError: rule is undefined
JavaScript error: resource://devtools/client/inspector/rules/utils/utils.js, line 186: TypeError: rule is undefined
JavaScript error: resource://devtools/client/inspector/rules/utils/utils.js, line 186: TypeError: rule is undefined
JavaScript error: resource://devtools/client/inspector/rules/utils/utils.js, line 186: TypeError: rule is undefined
1669016891779	geckodriver	INFO	Listening on 127.0.0.1:41841
1669016892335	mozrunner::runner	INFO	Running command: "/bin/firefox" "--marionette" "--remote-debugging-port" "37631" "--remote-allow-hosts" "localhost" "-no-remote" "-profile" "/tmp/rust_mozprofileVeELhD"
ATTENTION: default value of option mesa_glthread overridden by environment.
ATTENTION: default value of option mesa_glthread overridden by environment.
ATTENTION: default value of option mesa_glthread overridden by environment.
ATTENTION: default value of option mesa_glthread overridden by environment.
1669016892859	Marionette	INFO	Marionette enabled
1669016892862	Marionette	INFO	Listening on port 46575
WebDriver BiDi listening on ws://127.0.0.1:37631
Read port: 46575
1669016893029	RemoteAgent	WARN	TLS certificate errors will be ignored for this session
console.warn: SearchSettings: "get: No settings file exists, new profile?" (new NotFoundError("Could not open the file at /tmp/rust_mozprofileVeELhD/search.json.mozlz4", (void 0)))
DevTools listening on ws://127.0.0.1:37631/devtools/browser/1974c821-5431-481f-8bba-cedcce9f4ebd
console.warn: LoginRecipes: "Falling back to a synchronous message for: https://ok.ru."
console.warn: LoginRecipes: "Falling back to a synchronous message for: https://ok.ru."
[Child 10111, MediaDecoderStateMachine #1] WARNING: Decoder=7f43b8ce6700 state=DECODING_METADATA Decode metadata failed, shutting down decoder: file /builds/worker/checkouts/gecko/dom/media/MediaDecoderStateMachine.cpp:370
[Child 10111, MediaDecoderStateMachine #1] WARNING: Decoder=7f43b8ce6700 Decode error: NS_ERROR_DOM_MEDIA_METADATA_ERR (0x806e0006): file /builds/worker/checkouts/gecko/dom/media/MediaDecoderStateMachineBase.cpp:151
JavaScript error: https://ok.ru/res/js/lib/require-2.1.11_1ae533d5.js, line 6: Error: Script error for: adman
http://requirejs.org/docs/errors.html#scripterror
[Child 10111, MediaDecoderStateMachine #1] WARNING: Decoder=7f43b83d8000 state=DECODING_METADATA Decode metadata failed, shutting down decoder: file /builds/worker/checkouts/gecko/dom/media/MediaDecoderStateMachine.cpp:370
[Child 10111, MediaDecoderStateMachine #1] WARNING: Decoder=7f43b83d8000 Decode error: NS_ERROR_DOM_MEDIA_METADATA_ERR (0x806e0006): file /builds/worker/checkouts/gecko/dom/media/MediaDecoderStateMachineBase.cpp:151
JavaScript error: https://ok.ru/res/js/lib/require-2.1.11_1ae533d5.js, line 6: Error: Script error for: adman
http://requirejs.org/docs/errors.html#scripterror
[Child 10111, MediaDecoderStateMachine #1] WARNING: Decoder=7f43b79b7900 state=DECODING_METADATA Decode metadata failed, shutting down decoder: file /builds/worker/checkouts/gecko/dom/media/MediaDecoderStateMachine.cpp:370
[Child 10111, MediaDecoderStateMachine #1] WARNING: Decoder=7f43b79b7900 Decode error: NS_ERROR_DOM_MEDIA_METADATA_ERR (0x806e0006): file /builds/worker/checkouts/gecko/dom/media/MediaDecoderStateMachineBase.cpp:151
JavaScript error: https://ok.ru/res/js/lib/require-2.1.11_1ae533d5.js, line 6: Error: Script error for: adman
http://requirejs.org/docs/errors.html#scripterror
[Child 10111, MediaDecoderStateMachine #1] WARNING: Decoder=7f43e87f6300 state=DECODING_METADATA Decode metadata failed, shutting down decoder: file /builds/worker/checkouts/gecko/dom/media/MediaDecoderStateMachine.cpp:370
[Child 10111, MediaDecoderStateMachine #1] WARNING: Decoder=7f43e87f6300 Decode error: NS_ERROR_DOM_MEDIA_METADATA_ERR (0x806e0006): file /builds/worker/checkouts/gecko/dom/media/MediaDecoderStateMachineBase.cpp:151
JavaScript error: https://ok.ru/res/js/lib/require-2.1.11_1ae533d5.js, line 6: Error: Script error for: adman
http://requirejs.org/docs/errors.html#scripterror
[Child 10111, MediaDecoderStateMachine #1] WARNING: Decoder=7f43b7edfe00 state=DECODING_METADATA Decode metadata failed, shutting down decoder: file /builds/worker/checkouts/gecko/dom/media/MediaDecoderStateMachine.cpp:370
[Child 10111, MediaDecoderStateMachine #1] WARNING: Decoder=7f43b7edfe00 Decode error: NS_ERROR_DOM_MEDIA_METADATA_ERR (0x806e0006): file /builds/worker/checkouts/gecko/dom/media/MediaDecoderStateMachineBase.cpp:151
JavaScript error: https://ok.ru/res/js/lib/require-2.1.11_1ae533d5.js, line 6: Error: Script error for: adman
http://requirejs.org/docs/errors.html#scripterror
console.error: "Unable to find target with innerWindowId:4294967311"
console.warn: "Listener for event 'frame' did not return a promise."
[Child 10111, MediaDecoderStateMachine #1] WARNING: Decoder=7f43b5025700 state=DECODING_METADATA Decode metadata failed, shutting down decoder: file /builds/worker/checkouts/gecko/dom/media/MediaDecoderStateMachine.cpp:370
[Child 10111, MediaDecoderStateMachine #1] WARNING: Decoder=7f43b5025700 Decode error: NS_ERROR_DOM_MEDIA_METADATA_ERR (0x806e0006): file /builds/worker/checkouts/gecko/dom/media/MediaDecoderStateMachineBase.cpp:151
JavaScript error: https://ok.ru/res/js/lib/require-2.1.11_1ae533d5.js, line 6: Error: Script error for: adman
http://requirejs.org/docs/errors.html#scripterror
1669017027588	geckodriver	INFO	Listening on 127.0.0.1:55671
1669017028127	mozrunner::runner	INFO	Running command: "/bin/firefox" "--marionette" "--remote-debugging-port" "44721" "--remote-allow-hosts" "localhost" "-no-remote" "-profile" "/tmp/rust_mozprofile1GwF6J"
ATTENTION: default value of option mesa_glthread overridden by environment.
ATTENTION: default value of option mesa_glthread overridden by environment.
ATTENTION: default value of option mesa_glthread overridden by environment.
ATTENTION: default value of option mesa_glthread overridden by environment.
1669017028670	Marionette	INFO	Marionette enabled
1669017028672	Marionette	INFO	Listening on port 36863
WebDriver BiDi listening on ws://127.0.0.1:44721
Read port: 36863
1669017028809	RemoteAgent	WARN	TLS certificate errors will be ignored for this session
console.warn: SearchSettings: "get: No settings file exists, new profile?" (new NotFoundError("Could not open the file at /tmp/rust_mozprofile1GwF6J/search.json.mozlz4", (void 0)))
DevTools listening on ws://127.0.0.1:44721/devtools/browser/ae6a1352-a9ac-4580-bb58-f430a492bb4a
console.warn: LoginRecipes: "Falling back to a synchronous message for: https://ok.ru."
console.warn: LoginRecipes: "Falling back to a synchronous message for: https://ok.ru."
JavaScript error: resource://gre/modules/AsyncShutdown.jsm, line 574: NotFoundError: No such JSWindowActor 'DevToolsFrame'
JavaScript error: resource://gre/modules/AsyncShutdown.jsm, line 574: NotFoundError: No such JSWindowActor 'DevToolsFrame'
1669017034375	Marionette	INFO	Stopped listening on port 46575
[Child 10610, MediaDecoderStateMachine #1] WARNING: Decoder=7f6a6412c700 state=DECODING_METADATA Decode metadata failed, shutting down decoder: file /builds/worker/checkouts/gecko/dom/media/MediaDecoderStateMachine.cpp:370
[Child 10610, MediaDecoderStateMachine #1] WARNING: Decoder=7f6a6412c700 Decode error: NS_ERROR_DOM_MEDIA_METADATA_ERR (0x806e0006): file /builds/worker/checkouts/gecko/dom/media/MediaDecoderStateMachineBase.cpp:151
JavaScript error: https://ok.ru/res/js/lib/require-2.1.11_1ae533d5.js, line 6: Error: Script error for: adman
http://requirejs.org/docs/errors.html#scripterror
[Child 10610, MediaDecoderStateMachine #1] WARNING: Decoder=7f6a631e4000 state=DECODING_METADATA Decode metadata failed, shutting down decoder: file /builds/worker/checkouts/gecko/dom/media/MediaDecoderStateMachine.cpp:370
[Child 10610, MediaDecoderStateMachine #1] WARNING: Decoder=7f6a631e4000 Decode error: NS_ERROR_DOM_MEDIA_METADATA_ERR (0x806e0006): file /builds/worker/checkouts/gecko/dom/media/MediaDecoderStateMachineBase.cpp:151
JavaScript error: https://ok.ru/res/js/lib/require-2.1.11_1ae533d5.js, line 6: Error: Script error for: adman
http://requirejs.org/docs/errors.html#scripterror
[Child 10610, MediaDecoderStateMachine #2] WARNING: Decoder=7f6a630e5d00 state=DECODING_METADATA Decode metadata failed, shutting down decoder: file /builds/worker/checkouts/gecko/dom/media/MediaDecoderStateMachine.cpp:370
[Child 10610, MediaDecoderStateMachine #2] WARNING: Decoder=7f6a630e5d00 Decode error: NS_ERROR_DOM_MEDIA_METADATA_ERR (0x806e0006): file /builds/worker/checkouts/gecko/dom/media/MediaDecoderStateMachineBase.cpp:151
JavaScript error: https://ok.ru/res/js/lib/require-2.1.11_1ae533d5.js, line 6: Error: Script error for: adman
http://requirejs.org/docs/errors.html#scripterror
1669017148572	geckodriver	INFO	Listening on 127.0.0.1:35561
1669017149111	mozrunner::runner	INFO	Running command: "/bin/firefox" "--marionette" "--remote-debugging-port" "51665" "--remote-allow-hosts" "localhost" "-no-remote" "-profile" "/tmp/rust_mozprofilebS73lp"
ATTENTION: default value of option mesa_glthread overridden by environment.
ATTENTION: default value of option mesa_glthread overridden by environment.
ATTENTION: default value of option mesa_glthread overridden by environment.
ATTENTION: default value of option mesa_glthread overridden by environment.
1669017149584	Marionette	INFO	Marionette enabled
1669017149587	Marionette	INFO	Listening on port 33067
Read port: 33067
WebDriver BiDi listening on ws://127.0.0.1:51665
1669017149668	RemoteAgent	WARN	TLS certificate errors will be ignored for this session
console.warn: SearchSettings: "get: No settings file exists, new profile?" (new NotFoundError("Could not open the file at /tmp/rust_mozprofilebS73lp/search.json.mozlz4", (void 0)))
DevTools listening on ws://127.0.0.1:51665/devtools/browser/4d75fa4a-413d-443b-be60-0461b0fe2af2
console.warn: LoginRecipes: "Falling back to a synchronous message for: https://ok.ru."
console.warn: LoginRecipes: "Falling back to a synchronous message for: https://ok.ru."
[Child 11095, MediaDecoderStateMachine #1] WARNING: Decoder=7f2e24d91a00 state=DECODING_METADATA Decode metadata failed, shutting down decoder: file /builds/worker/checkouts/gecko/dom/media/MediaDecoderStateMachine.cpp:370
[Child 11095, MediaDecoderStateMachine #1] WARNING: Decoder=7f2e24d91a00 Decode error: NS_ERROR_DOM_MEDIA_METADATA_ERR (0x806e0006): file /builds/worker/checkouts/gecko/dom/media/MediaDecoderStateMachineBase.cpp:151
JavaScript error: https://ok.ru/res/js/lib/require-2.1.11_1ae533d5.js, line 6: Error: Script error for: adman
http://requirejs.org/docs/errors.html#scripterror
[Child 11095, MediaDecoderStateMachine #1] WARNING: Decoder=7f2e23f6bc00 state=DECODING_METADATA Decode metadata failed, shutting down decoder: file /builds/worker/checkouts/gecko/dom/media/MediaDecoderStateMachine.cpp:370
[Child 11095, MediaDecoderStateMachine #1] WARNING: Decoder=7f2e23f6bc00 Decode error: NS_ERROR_DOM_MEDIA_METADATA_ERR (0x806e0006): file /builds/worker/checkouts/gecko/dom/media/MediaDecoderStateMachineBase.cpp:151
JavaScript error: https://ok.ru/res/js/lib/require-2.1.11_1ae533d5.js, line 6: Error: Script error for: adman
http://requirejs.org/docs/errors.html#scripterror
[Child 11095, MediaDecoderStateMachine #1] WARNING: Decoder=7f2e2f569900 state=DECODING_METADATA Decode metadata failed, shutting down decoder: file /builds/worker/checkouts/gecko/dom/media/MediaDecoderStateMachine.cpp:370
[Child 11095, MediaDecoderStateMachine #1] WARNING: Decoder=7f2e2f569900 Decode error: NS_ERROR_DOM_MEDIA_METADATA_ERR (0x806e0006): file /builds/worker/checkouts/gecko/dom/media/MediaDecoderStateMachineBase.cpp:151
JavaScript error: https://ok.ru/res/js/lib/require-2.1.11_1ae533d5.js, line 6: Error: Script error for: adman
http://requirejs.org/docs/errors.html#scripterror
[Child 11095, MediaDecoderStateMachine #1] WARNING: Decoder=7f2e250d8200 state=DECODING_METADATA Decode metadata failed, shutting down decoder: file /builds/worker/checkouts/gecko/dom/media/MediaDecoderStateMachine.cpp:370
[Child 11095, MediaDecoderStateMachine #1] WARNING: Decoder=7f2e250d8200 Decode error: NS_ERROR_DOM_MEDIA_METADATA_ERR (0x806e0006): file /builds/worker/checkouts/gecko/dom/media/MediaDecoderStateMachineBase.cpp:151
JavaScript error: https://ok.ru/res/js/lib/require-2.1.11_1ae533d5.js, line 6: Error: Script error for: adman
http://requirejs.org/docs/errors.html#scripterror
[Child 11095, MediaDecoderStateMachine #1] WARNING: Decoder=7f2e2040cc00 state=DECODING_METADATA Decode metadata failed, shutting down decoder: file /builds/worker/checkouts/gecko/dom/media/MediaDecoderStateMachine.cpp:370
[Child 11095, MediaDecoderStateMachine #1] WARNING: Decoder=7f2e2040cc00 Decode error: NS_ERROR_DOM_MEDIA_METADATA_ERR (0x806e0006): file /builds/worker/checkouts/gecko/dom/media/MediaDecoderStateMachineBase.cpp:151
JavaScript error: https://ok.ru/res/js/lib/require-2.1.11_1ae533d5.js, line 6: Error: Script error for: adman
http://requirejs.org/docs/errors.html#scripterror
1669018049926	geckodriver	INFO	Listening on 127.0.0.1:33413
1669018050472	mozrunner::runner	INFO	Running command: "/bin/firefox" "--marionette" "--remote-debugging-port" "33587" "--remote-allow-hosts" "localhost" "-no-remote" "-profile" "/tmp/rust_mozprofileYBw4ix"
ATTENTION: default value of option mesa_glthread overridden by environment.
ATTENTION: default value of option mesa_glthread overridden by environment.
ATTENTION: default value of option mesa_glthread overridden by environment.
ATTENTION: default value of option mesa_glthread overridden by environment.
1669018050971	Marionette	INFO	Marionette enabled
1669018050973	Marionette	INFO	Listening on port 44727
WebDriver BiDi listening on ws://127.0.0.1:33587
Read port: 44727
1669018051175	RemoteAgent	WARN	TLS certificate errors will be ignored for this session
console.warn: SearchSettings: "get: No settings file exists, new profile?" (new NotFoundError("Could not open the file at /tmp/rust_mozprofileYBw4ix/search.json.mozlz4", (void 0)))
DevTools listening on ws://127.0.0.1:33587/devtools/browser/76fb875b-e6c8-4e66-9724-973cc0803ed0
1669018077738	Marionette	INFO	Stopped listening on port 44727
console.warn: TopSitesFeed: Failed to fetch data from Contile server: NetworkError when attempting to fetch resource.
Sandbox: Unexpected EOF, op 0 flags 00 path /proc/cpuinfo
1669018084601	geckodriver	INFO	Listening on 127.0.0.1:38179
1669018085135	mozrunner::runner	INFO	Running command: "/bin/firefox" "--marionette" "--remote-debugging-port" "44329" "--remote-allow-hosts" "localhost" "-no-remote" "-profile" "/tmp/rust_mozprofileDfDtqX"
ATTENTION: default value of option mesa_glthread overridden by environment.
ATTENTION: default value of option mesa_glthread overridden by environment.
ATTENTION: default value of option mesa_glthread overridden by environment.
ATTENTION: default value of option mesa_glthread overridden by environment.
1669018085602	Marionette	INFO	Marionette enabled
1669018085605	Marionette	INFO	Listening on port 38173
Read port: 38173
WebDriver BiDi listening on ws://127.0.0.1:44329
1669018085719	RemoteAgent	WARN	TLS certificate errors will be ignored for this session
console.warn: SearchSettings: "get: No settings file exists, new profile?" (new NotFoundError("Could not open the file at /tmp/rust_mozprofileDfDtqX/search.json.mozlz4", (void 0)))
DevTools listening on ws://127.0.0.1:44329/devtools/browser/d842ced3-5bc9-4da2-9a79-052b48a8e28b
console.warn: LoginRecipes: "Falling back to a synchronous message for: https://ok.ru."
console.warn: LoginRecipes: "Falling back to a synchronous message for: https://ok.ru."
[Child 12884, MediaDecoderStateMachine #1] WARNING: Decoder=7ff710f12300 state=DECODING_METADATA Decode metadata failed, shutting down decoder: file /builds/worker/checkouts/gecko/dom/media/MediaDecoderStateMachine.cpp:370
[Child 12884, MediaDecoderStateMachine #1] WARNING: Decoder=7ff710f12300 Decode error: NS_ERROR_DOM_MEDIA_METADATA_ERR (0x806e0006): file /builds/worker/checkouts/gecko/dom/media/MediaDecoderStateMachineBase.cpp:151
JavaScript error: https://ok.ru/res/js/lib/require-2.1.11_1ae533d5.js, line 6: Error: Script error for: adman
http://requirejs.org/docs/errors.html#scripterror
1669018195055	Marionette	INFO	Stopped listening on port 38173
console.warn: TopSitesFeed: Failed to fetch data from Contile server: NetworkError when attempting to fetch resource.
Sandbox: Unexpected EOF, op 0 flags 00 path /proc/cpuinfo
1669018238410	geckodriver	INFO	Listening on 127.0.0.1:33519
1669018238979	mozrunner::runner	INFO	Running command: "/bin/firefox" "--marionette" "--remote-debugging-port" "40977" "--remote-allow-hosts" "localhost" "-no-remote" "-profile" "/tmp/rust_mozprofileiwks3d"
ATTENTION: default value of option mesa_glthread overridden by environment.
ATTENTION: default value of option mesa_glthread overridden by environment.
ATTENTION: default value of option mesa_glthread overridden by environment.
ATTENTION: default value of option mesa_glthread overridden by environment.
1669018239506	Marionette	INFO	Marionette enabled
1669018239509	Marionette	INFO	Listening on port 40957
Read port: 40957
WebDriver BiDi listening on ws://127.0.0.1:40977
1669018239642	RemoteAgent	WARN	TLS certificate errors will be ignored for this session
console.warn: SearchSettings: "get: No settings file exists, new profile?" (new NotFoundError("Could not open the file at /tmp/rust_mozprofileiwks3d/search.json.mozlz4", (void 0)))
DevTools listening on ws://127.0.0.1:40977/devtools/browser/ea825314-36ab-4adc-9d63-12b1314541ac
console.warn: LoginRecipes: "Falling back to a synchronous message for: https://ok.ru."
console.warn: LoginRecipes: "Falling back to a synchronous message for: https://ok.ru."
[Child 13372, MediaDecoderStateMachine #1] WARNING: Decoder=7f13606fe400 state=DECODING_METADATA Decode metadata failed, shutting down decoder: file /builds/worker/checkouts/gecko/dom/media/MediaDecoderStateMachine.cpp:370
[Child 13372, MediaDecoderStateMachine #1] WARNING: Decoder=7f13606fe400 Decode error: NS_ERROR_DOM_MEDIA_METADATA_ERR (0x806e0006): file /builds/worker/checkouts/gecko/dom/media/MediaDecoderStateMachineBase.cpp:151
JavaScript error: https://ok.ru/res/js/lib/require-2.1.11_1ae533d5.js, line 6: Error: Script error for: adman
http://requirejs.org/docs/errors.html#scripterror
1669018456521	geckodriver	INFO	Listening on 127.0.0.1:35239
1669018457057	mozrunner::runner	INFO	Running command: "/bin/firefox" "--marionette" "--remote-debugging-port" "50969" "--remote-allow-hosts" "localhost" "-no-remote" "-profile" "/tmp/rust_mozprofileTNb3pD"
ATTENTION: default value of option mesa_glthread overridden by environment.
ATTENTION: default value of option mesa_glthread overridden by environment.
ATTENTION: default value of option mesa_glthread overridden by environment.
ATTENTION: default value of option mesa_glthread overridden by environment.
1669018457572	Marionette	INFO	Marionette enabled
1669018457574	Marionette	INFO	Listening on port 36389
WebDriver BiDi listening on ws://127.0.0.1:50969
Read port: 36389
1669018457780	RemoteAgent	WARN	TLS certificate errors will be ignored for this session
console.warn: SearchSettings: "get: No settings file exists, new profile?" (new NotFoundError("Could not open the file at /tmp/rust_mozprofileTNb3pD/search.json.mozlz4", (void 0)))
DevTools listening on ws://127.0.0.1:50969/devtools/browser/55c1b924-c317-4ee3-8376-1d71b960c4b2
console.warn: LoginRecipes: "Falling back to a synchronous message for: https://ok.ru."
console.warn: LoginRecipes: "Falling back to a synchronous message for: https://ok.ru."
[Child 13982, MediaDecoderStateMachine #1] WARNING: Decoder=7f132fae4a00 state=DECODING_METADATA Decode metadata failed, shutting down decoder: file /builds/worker/checkouts/gecko/dom/media/MediaDecoderStateMachine.cpp:370
[Child 13982, MediaDecoderStateMachine #1] WARNING: Decoder=7f132fae4a00 Decode error: NS_ERROR_DOM_MEDIA_METADATA_ERR (0x806e0006): file /builds/worker/checkouts/gecko/dom/media/MediaDecoderStateMachineBase.cpp:151
JavaScript error: https://ok.ru/res/js/lib/require-2.1.11_1ae533d5.js, line 6: Error: Script error for: adman
http://requirejs.org/docs/errors.html#scripterror
1669018578396	Marionette	INFO	Stopped listening on port 36389
console.warn: TopSitesFeed: Failed to fetch data from Contile server: NetworkError when attempting to fetch resource.
Sandbox: Unexpected EOF, op 0 flags 00 path /proc/cpuinfo
1669018580433	Marionette	INFO	Stopped listening on port 40957
console.warn: TopSitesFeed: Failed to fetch data from Contile server: NetworkError when attempting to fetch resource.
1669018585121	geckodriver	INFO	Listening on 127.0.0.1:47463
1669018585657	mozrunner::runner	INFO	Running command: "/bin/firefox" "--marionette" "--remote-debugging-port" "42163" "--remote-allow-hosts" "localhost" "-no-remote" "-profile" "/tmp/rust_mozprofilevMrjTe"
ATTENTION: default value of option mesa_glthread overridden by environment.
ATTENTION: default value of option mesa_glthread overridden by environment.
ATTENTION: default value of option mesa_glthread overridden by environment.
ATTENTION: default value of option mesa_glthread overridden by environment.
1669018586258	Marionette	INFO	Marionette enabled
1669018586261	Marionette	INFO	Listening on port 33347
WebDriver BiDi listening on ws://127.0.0.1:42163
Read port: 33347
1669018586474	RemoteAgent	WARN	TLS certificate errors will be ignored for this session
console.warn: SearchSettings: "get: No settings file exists, new profile?" (new NotFoundError("Could not open the file at /tmp/rust_mozprofilevMrjTe/search.json.mozlz4", (void 0)))
DevTools listening on ws://127.0.0.1:42163/devtools/browser/b19bc4c7-d033-4996-992f-b54f055dcaeb
console.warn: LoginRecipes: "Falling back to a synchronous message for: https://ok.ru."
console.warn: LoginRecipes: "Falling back to a synchronous message for: https://ok.ru."
[Child 14445, MediaDecoderStateMachine #1] WARNING: Decoder=7fccbe57b300 state=DECODING_METADATA Decode metadata failed, shutting down decoder: file /builds/worker/checkouts/gecko/dom/media/MediaDecoderStateMachine.cpp:370
[Child 14445, MediaDecoderStateMachine #1] WARNING: Decoder=7fccbe57b300 Decode error: NS_ERROR_DOM_MEDIA_METADATA_ERR (0x806e0006): file /builds/worker/checkouts/gecko/dom/media/MediaDecoderStateMachineBase.cpp:151
JavaScript error: https://ok.ru/res/js/lib/require-2.1.11_1ae533d5.js, line 6: Error: Script error for: adman
http://requirejs.org/docs/errors.html#scripterror
1669018667205	Marionette	INFO	Stopped listening on port 33347
console.warn: TopSitesFeed: Failed to fetch data from Contile server: NetworkError when attempting to fetch resource.
1669018671233	geckodriver	INFO	Listening on 127.0.0.1:46621
1669018671775	mozrunner::runner	INFO	Running command: "/bin/firefox" "--marionette" "--remote-debugging-port" "56949" "--remote-allow-hosts" "localhost" "-no-remote" "-profile" "/tmp/rust_mozprofilejVutgw"
ATTENTION: default value of option mesa_glthread overridden by environment.
ATTENTION: default value of option mesa_glthread overridden by environment.
ATTENTION: default value of option mesa_glthread overridden by environment.
ATTENTION: default value of option mesa_glthread overridden by environment.
1669018672294	Marionette	INFO	Marionette enabled
1669018672297	Marionette	INFO	Listening on port 39493
WebDriver BiDi listening on ws://127.0.0.1:56949
Read port: 39493
1669018672493	RemoteAgent	WARN	TLS certificate errors will be ignored for this session
console.warn: SearchSettings: "get: No settings file exists, new profile?" (new NotFoundError("Could not open the file at /tmp/rust_mozprofilejVutgw/search.json.mozlz4", (void 0)))
DevTools listening on ws://127.0.0.1:56949/devtools/browser/1ea72b46-6fc4-44db-b1a3-4a9a116d7c9a
console.warn: LoginRecipes: "Falling back to a synchronous message for: https://ok.ru."
console.warn: LoginRecipes: "Falling back to a synchronous message for: https://ok.ru."
[Child 14881, MediaDecoderStateMachine #1] WARNING: Decoder=7f3a70890f00 state=DECODING_METADATA Decode metadata failed, shutting down decoder: file /builds/worker/checkouts/gecko/dom/media/MediaDecoderStateMachine.cpp:370
[Child 14881, MediaDecoderStateMachine #1] WARNING: Decoder=7f3a70890f00 Decode error: NS_ERROR_DOM_MEDIA_METADATA_ERR (0x806e0006): file /builds/worker/checkouts/gecko/dom/media/MediaDecoderStateMachineBase.cpp:151
JavaScript error: https://ok.ru/res/js/lib/require-2.1.11_1ae533d5.js, line 6: Error: Script error for: adman
http://requirejs.org/docs/errors.html#scripterror
1669018765272	Marionette	INFO	Stopped listening on port 39493
console.warn: TopSitesFeed: Failed to fetch data from Contile server: NetworkError when attempting to fetch resource.
1669018767347	geckodriver	INFO	Listening on 127.0.0.1:44889
1669018767898	mozrunner::runner	INFO	Running command: "/bin/firefox" "--marionette" "--remote-debugging-port" "58767" "--remote-allow-hosts" "localhost" "-no-remote" "-profile" "/tmp/rust_mozprofileIGAQmY"
ATTENTION: default value of option mesa_glthread overridden by environment.
ATTENTION: default value of option mesa_glthread overridden by environment.
ATTENTION: default value of option mesa_glthread overridden by environment.
ATTENTION: default value of option mesa_glthread overridden by environment.
1669018768359	Marionette	INFO	Marionette enabled
1669018768362	Marionette	INFO	Listening on port 36461
Read port: 36461
WebDriver BiDi listening on ws://127.0.0.1:58767
1669018768441	RemoteAgent	WARN	TLS certificate errors will be ignored for this session
console.warn: SearchSettings: "get: No settings file exists, new profile?" (new NotFoundError("Could not open the file at /tmp/rust_mozprofileIGAQmY/search.json.mozlz4", (void 0)))
DevTools listening on ws://127.0.0.1:58767/devtools/browser/0c15f4e0-38bf-4f6d-8f55-f2805d356d3c
console.warn: LoginRecipes: "Falling back to a synchronous message for: https://ok.ru."
console.warn: LoginRecipes: "Falling back to a synchronous message for: https://ok.ru."
[Child 15366, MediaDecoderStateMachine #1] WARNING: Decoder=7f8cad87f100 state=DECODING_METADATA Decode metadata failed, shutting down decoder: file /builds/worker/checkouts/gecko/dom/media/MediaDecoderStateMachine.cpp:370
[Child 15366, MediaDecoderStateMachine #1] WARNING: Decoder=7f8cad87f100 Decode error: NS_ERROR_DOM_MEDIA_METADATA_ERR (0x806e0006): file /builds/worker/checkouts/gecko/dom/media/MediaDecoderStateMachineBase.cpp:151
JavaScript error: https://ok.ru/res/js/lib/require-2.1.11_1ae533d5.js, line 6: Error: Script error for: adman
http://requirejs.org/docs/errors.html#scripterror
JavaScript error: , line 0: uncaught exception: Object
JavaScript error: , line 0: uncaught exception: Object
[Child 15366, MediaDecoderStateMachine #1] WARNING: Decoder=7f8cab9c7d00 state=DECODING_METADATA Decode metadata failed, shutting down decoder: file /builds/worker/checkouts/gecko/dom/media/MediaDecoderStateMachine.cpp:370
[Child 15366, MediaDecoderStateMachine #1] WARNING: Decoder=7f8cab9c7d00 Decode error: NS_ERROR_DOM_MEDIA_METADATA_ERR (0x806e0006): file /builds/worker/checkouts/gecko/dom/media/MediaDecoderStateMachineBase.cpp:151
JavaScript error: https://ok.ru/res/js/lib/require-2.1.11_1ae533d5.js, line 6: Error: Script error for: adman
http://requirejs.org/docs/errors.html#scripterror
1669018901014	Marionette	INFO	Stopped listening on port 36461
console.warn: TopSitesFeed: Failed to fetch data from Contile server: NetworkError when attempting to fetch resource.
1669018904816	geckodriver	INFO	Listening on 127.0.0.1:39589
1669018905353	mozrunner::runner	INFO	Running command: "/bin/firefox" "--marionette" "--remote-debugging-port" "54165" "--remote-allow-hosts" "localhost" "-no-remote" "-profile" "/tmp/rust_mozprofileY81rXe"
ATTENTION: default value of option mesa_glthread overridden by environment.
ATTENTION: default value of option mesa_glthread overridden by environment.
ATTENTION: default value of option mesa_glthread overridden by environment.
ATTENTION: default value of option mesa_glthread overridden by environment.
1669018905857	Marionette	INFO	Marionette enabled
1669018905861	Marionette	INFO	Listening on port 37403
WebDriver BiDi listening on ws://127.0.0.1:54165
Read port: 37403
1669018906054	RemoteAgent	WARN	TLS certificate errors will be ignored for this session
console.warn: SearchSettings: "get: No settings file exists, new profile?" (new NotFoundError("Could not open the file at /tmp/rust_mozprofileY81rXe/search.json.mozlz4", (void 0)))
DevTools listening on ws://127.0.0.1:54165/devtools/browser/cc35a832-2833-4a41-b33a-6c0b9770ab7b
console.warn: LoginRecipes: "Falling back to a synchronous message for: https://ok.ru."
console.warn: LoginRecipes: "Falling back to a synchronous message for: https://ok.ru."
[Child 15828, MediaDecoderStateMachine #1] WARNING: Decoder=7f9c3d6b6800 state=DECODING_METADATA Decode metadata failed, shutting down decoder: file /builds/worker/checkouts/gecko/dom/media/MediaDecoderStateMachine.cpp:370
[Child 15828, MediaDecoderStateMachine #1] WARNING: Decoder=7f9c3d6b6800 Decode error: NS_ERROR_DOM_MEDIA_METADATA_ERR (0x806e0006): file /builds/worker/checkouts/gecko/dom/media/MediaDecoderStateMachineBase.cpp:151
JavaScript error: https://ok.ru/res/js/lib/require-2.1.11_1ae533d5.js, line 6: Error: Script error for: adman
http://requirejs.org/docs/errors.html#scripterror
1669018927647	Marionette	INFO	Stopped listening on port 37403
console.warn: TopSitesFeed: Failed to fetch data from Contile server: NetworkError when attempting to fetch resource.
Sandbox: Unexpected EOF, op 0 flags 00 path /proc/cpuinfo
1669019011106	geckodriver	INFO	Listening on 127.0.0.1:37543
1669019011667	mozrunner::runner	INFO	Running command: "/bin/firefox" "--marionette" "--remote-debugging-port" "45599" "--remote-allow-hosts" "localhost" "-no-remote" "-profile" "/tmp/rust_mozprofileN96d7u"
ATTENTION: default value of option mesa_glthread overridden by environment.
ATTENTION: default value of option mesa_glthread overridden by environment.
ATTENTION: default value of option mesa_glthread overridden by environment.
ATTENTION: default value of option mesa_glthread overridden by environment.
1669019012164	Marionette	INFO	Marionette enabled
1669019012167	Marionette	INFO	Listening on port 36451
Read port: 36451
WebDriver BiDi listening on ws://127.0.0.1:45599
1669019012255	RemoteAgent	WARN	TLS certificate errors will be ignored for this session
console.warn: SearchSettings: "get: No settings file exists, new profile?" (new NotFoundError("Could not open the file at /tmp/rust_mozprofileN96d7u/search.json.mozlz4", (void 0)))
DevTools listening on ws://127.0.0.1:45599/devtools/browser/f53537bf-678f-46c1-b955-8f7f35d42635
console.warn: LoginRecipes: "Falling back to a synchronous message for: https://ok.ru."
console.warn: LoginRecipes: "Falling back to a synchronous message for: https://ok.ru."
[Child 16336, MediaDecoderStateMachine #1] WARNING: Decoder=7f701fc71500 state=DECODING_METADATA Decode metadata failed, shutting down decoder: file /builds/worker/checkouts/gecko/dom/media/MediaDecoderStateMachine.cpp:370
[Child 16336, MediaDecoderStateMachine #1] WARNING: Decoder=7f701fc71500 Decode error: NS_ERROR_DOM_MEDIA_METADATA_ERR (0x806e0006): file /builds/worker/checkouts/gecko/dom/media/MediaDecoderStateMachineBase.cpp:151
JavaScript error: https://ok.ru/res/js/lib/require-2.1.11_1ae533d5.js, line 6: Error: Script error for: adman
http://requirejs.org/docs/errors.html#scripterror
JavaScript error: resource://gre/modules/XULStore.jsm, line 58: Error: Can't find profile directory.
JavaScript error: resource://gre/modules/XULStore.jsm, line 58: Error: Can't find profile directory.
JavaScript error: , line 0: AbortError: The fetching process for the media resource was aborted by the user agent at the user's request.
JavaScript error: , line 0: TypeError: NetworkError when attempting to fetch resource.
JavaScript error: resource://gre/modules/AsyncShutdown.jsm, line 574: NotFoundError: No such JSWindowActor 'DevToolsFrame'
JavaScript error: resource://gre/modules/AsyncShutdown.jsm, line 574: NotFoundError: No such JSWindowActor 'DevToolsFrame'
1669019679524	Marionette	INFO	Stopped listening on port 36451
1669019693489	geckodriver	INFO	Listening on 127.0.0.1:56953
1669019694062	mozrunner::runner	INFO	Running command: "/bin/firefox" "--marionette" "--remote-debugging-port" "35557" "--remote-allow-hosts" "localhost" "-no-remote" "-profile" "/tmp/rust_mozprofilee0zoMs"
ATTENTION: default value of option mesa_glthread overridden by environment.
ATTENTION: default value of option mesa_glthread overridden by environment.
ATTENTION: default value of option mesa_glthread overridden by environment.
ATTENTION: default value of option mesa_glthread overridden by environment.
1669019694582	Marionette	INFO	Marionette enabled
1669019694588	Marionette	INFO	Listening on port 33793
Read port: 33793
WebDriver BiDi listening on ws://127.0.0.1:35557
1669019694718	RemoteAgent	WARN	TLS certificate errors will be ignored for this session
console.warn: SearchSettings: "get: No settings file exists, new profile?" (new NotFoundError("Could not open the file at /tmp/rust_mozprofilee0zoMs/search.json.mozlz4", (void 0)))
DevTools listening on ws://127.0.0.1:35557/devtools/browser/8239fe80-ccd4-4115-9072-989a04669c75
console.warn: LoginRecipes: "Falling back to a synchronous message for: https://ok.ru."
console.warn: LoginRecipes: "Falling back to a synchronous message for: https://ok.ru."
[Child 17561, MediaDecoderStateMachine #1] WARNING: Decoder=7f63dd6ad700 state=DECODING_METADATA Decode metadata failed, shutting down decoder: file /builds/worker/checkouts/gecko/dom/media/MediaDecoderStateMachine.cpp:370
[Child 17561, MediaDecoderStateMachine #1] WARNING: Decoder=7f63dd6ad700 Decode error: NS_ERROR_DOM_MEDIA_METADATA_ERR (0x806e0006): file /builds/worker/checkouts/gecko/dom/media/MediaDecoderStateMachineBase.cpp:151
JavaScript error: https://ok.ru/res/js/lib/require-2.1.11_1ae533d5.js, line 6: Error: Script error for: adman
http://requirejs.org/docs/errors.html#scripterror
[Child 17561, MediaDecoderStateMachine #1] WARNING: Decoder=7f63daa05200 state=DECODING_METADATA Decode metadata failed, shutting down decoder: file /builds/worker/checkouts/gecko/dom/media/MediaDecoderStateMachine.cpp:370
[Child 17561, MediaDecoderStateMachine #1] WARNING: Decoder=7f63daa05200 Decode error: NS_ERROR_DOM_MEDIA_METADATA_ERR (0x806e0006): file /builds/worker/checkouts/gecko/dom/media/MediaDecoderStateMachineBase.cpp:151
JavaScript error: https://ok.ru/res/js/lib/require-2.1.11_1ae533d5.js, line 6: Error: Script error for: adman
http://requirejs.org/docs/errors.html#scripterror
[Child 17561, MediaDecoderStateMachine #1] WARNING: Decoder=7f63dff3c100 state=DECODING_METADATA Decode metadata failed, shutting down decoder: file /builds/worker/checkouts/gecko/dom/media/MediaDecoderStateMachine.cpp:370
[Child 17561, MediaDecoderStateMachine #1] WARNING: Decoder=7f63dff3c100 Decode error: NS_ERROR_DOM_MEDIA_METADATA_ERR (0x806e0006): file /builds/worker/checkouts/gecko/dom/media/MediaDecoderStateMachineBase.cpp:151
JavaScript error: https://ok.ru/res/js/lib/require-2.1.11_1ae533d5.js, line 6: Error: Script error for: adman
http://requirejs.org/docs/errors.html#scripterror
1669019796051	Marionette	INFO	Stopped listening on port 33793
console.warn: TopSitesFeed: Failed to fetch data from Contile server: NetworkError when attempting to fetch resource.
Sandbox: Unexpected EOF, op 0 flags 00 path /proc/cpuinfo
1669019800732	geckodriver	INFO	Listening on 127.0.0.1:56071
1669019801287	mozrunner::runner	INFO	Running command: "/bin/firefox" "--marionette" "--remote-debugging-port" "39775" "--remote-allow-hosts" "localhost" "-no-remote" "-profile" "/tmp/rust_mozprofileYJKozN"
ATTENTION: default value of option mesa_glthread overridden by environment.
ATTENTION: default value of option mesa_glthread overridden by environment.
ATTENTION: default value of option mesa_glthread overridden by environment.
ATTENTION: default value of option mesa_glthread overridden by environment.
1669019801797	Marionette	INFO	Marionette enabled
1669019801799	Marionette	INFO	Listening on port 33517
WebDriver BiDi listening on ws://127.0.0.1:39775
Read port: 33517
1669019801993	RemoteAgent	WARN	TLS certificate errors will be ignored for this session
console.warn: SearchSettings: "get: No settings file exists, new profile?" (new NotFoundError("Could not open the file at /tmp/rust_mozprofileYJKozN/search.json.mozlz4", (void 0)))
DevTools listening on ws://127.0.0.1:39775/devtools/browser/3e19f5b9-65ae-46c0-8e72-fd864c12317a
console.warn: LoginRecipes: "Falling back to a synchronous message for: https://ok.ru."
console.warn: LoginRecipes: "Falling back to a synchronous message for: https://ok.ru."
[Child 18023, MediaDecoderStateMachine #1] WARNING: Decoder=7fa80fe27700 state=DECODING_METADATA Decode metadata failed, shutting down decoder: file /builds/worker/checkouts/gecko/dom/media/MediaDecoderStateMachine.cpp:370
[Child 18023, MediaDecoderStateMachine #1] WARNING: Decoder=7fa80fe27700 Decode error: NS_ERROR_DOM_MEDIA_METADATA_ERR (0x806e0006): file /builds/worker/checkouts/gecko/dom/media/MediaDecoderStateMachineBase.cpp:151
JavaScript error: https://ok.ru/res/js/lib/require-2.1.11_1ae533d5.js, line 6: Error: Script error for: adman
http://requirejs.org/docs/errors.html#scripterror
[Child 18023, MediaDecoderStateMachine #1] WARNING: Decoder=7fa80ffaf000 state=DECODING_METADATA Decode metadata failed, shutting down decoder: file /builds/worker/checkouts/gecko/dom/media/MediaDecoderStateMachine.cpp:370
[Child 18023, MediaDecoderStateMachine #1] WARNING: Decoder=7fa80ffaf000 Decode error: NS_ERROR_DOM_MEDIA_METADATA_ERR (0x806e0006): file /builds/worker/checkouts/gecko/dom/media/MediaDecoderStateMachineBase.cpp:151
JavaScript error: https://ok.ru/res/js/lib/require-2.1.11_1ae533d5.js, line 6: Error: Script error for: adman
http://requirejs.org/docs/errors.html#scripterror
[Child 18023, MediaDecoderStateMachine #1] WARNING: Decoder=7fa80a7c3c00 state=DECODING_METADATA Decode metadata failed, shutting down decoder: file /builds/worker/checkouts/gecko/dom/media/MediaDecoderStateMachine.cpp:370
[Child 18023, MediaDecoderStateMachine #1] WARNING: Decoder=7fa80a7c3c00 Decode error: NS_ERROR_DOM_MEDIA_METADATA_ERR (0x806e0006): file /builds/worker/checkouts/gecko/dom/media/MediaDecoderStateMachineBase.cpp:151
JavaScript error: https://ok.ru/res/js/lib/require-2.1.11_1ae533d5.js, line 6: Error: Script error for: adman
http://requirejs.org/docs/errors.html#scripterror
1669020041859	Marionette	INFO	Stopped listening on port 33517
console.warn: TopSitesFeed: Failed to fetch data from Contile server: NetworkError when attempting to fetch resource.
1669020046062	geckodriver	INFO	Listening on 127.0.0.1:35645
1669020046618	mozrunner::runner	INFO	Running command: "/bin/firefox" "--marionette" "--remote-debugging-port" "48019" "--remote-allow-hosts" "localhost" "-no-remote" "-profile" "/tmp/rust_mozprofile9MfM49"
ATTENTION: default value of option mesa_glthread overridden by environment.
ATTENTION: default value of option mesa_glthread overridden by environment.
ATTENTION: default value of option mesa_glthread overridden by environment.
ATTENTION: default value of option mesa_glthread overridden by environment.
1669020047103	Marionette	INFO	Marionette enabled
1669020047105	Marionette	INFO	Listening on port 38123
Read port: 38123
WebDriver BiDi listening on ws://127.0.0.1:48019
1669020047190	RemoteAgent	WARN	TLS certificate errors will be ignored for this session
console.warn: SearchSettings: "get: No settings file exists, new profile?" (new NotFoundError("Could not open the file at /tmp/rust_mozprofile9MfM49/search.json.mozlz4", (void 0)))
DevTools listening on ws://127.0.0.1:48019/devtools/browser/d147f978-c8cd-4f2d-bb2a-642cc4e6b7c8
console.warn: LoginRecipes: "Falling back to a synchronous message for: https://ok.ru."
console.warn: LoginRecipes: "Falling back to a synchronous message for: https://ok.ru."
[Child 18680, MediaDecoderStateMachine #1] WARNING: Decoder=7f80989f5600 state=DECODING_METADATA Decode metadata failed, shutting down decoder: file /builds/worker/checkouts/gecko/dom/media/MediaDecoderStateMachine.cpp:370
[Child 18680, MediaDecoderStateMachine #1] WARNING: Decoder=7f80989f5600 Decode error: NS_ERROR_DOM_MEDIA_METADATA_ERR (0x806e0006): file /builds/worker/checkouts/gecko/dom/media/MediaDecoderStateMachineBase.cpp:151
JavaScript error: https://ok.ru/res/js/lib/require-2.1.11_1ae533d5.js, line 6: Error: Script error for: adman
http://requirejs.org/docs/errors.html#scripterror
[Child 18680, MediaDecoderStateMachine #1] WARNING: Decoder=7f809bd35700 state=DECODING_METADATA Decode metadata failed, shutting down decoder: file /builds/worker/checkouts/gecko/dom/media/MediaDecoderStateMachine.cpp:370
[Child 18680, MediaDecoderStateMachine #1] WARNING: Decoder=7f809bd35700 Decode error: NS_ERROR_DOM_MEDIA_METADATA_ERR (0x806e0006): file /builds/worker/checkouts/gecko/dom/media/MediaDecoderStateMachineBase.cpp:151
JavaScript error: https://ok.ru/res/js/lib/require-2.1.11_1ae533d5.js, line 6: Error: Script error for: adman
http://requirejs.org/docs/errors.html#scripterror
[Child 18680, MediaDecoderStateMachine #1] WARNING: Decoder=7f80b5434300 state=DECODING_METADATA Decode metadata failed, shutting down decoder: file /builds/worker/checkouts/gecko/dom/media/MediaDecoderStateMachine.cpp:370
[Child 18680, MediaDecoderStateMachine #1] WARNING: Decoder=7f80b5434300 Decode error: NS_ERROR_DOM_MEDIA_METADATA_ERR (0x806e0006): file /builds/worker/checkouts/gecko/dom/media/MediaDecoderStateMachineBase.cpp:151
JavaScript error: https://ok.ru/res/js/lib/require-2.1.11_1ae533d5.js, line 6: Error: Script error for: adman
http://requirejs.org/docs/errors.html#scripterror
1669020148534	Marionette	INFO	Stopped listening on port 38123
console.warn: TopSitesFeed: Failed to fetch data from Contile server: NetworkError when attempting to fetch resource.
Sandbox: Unexpected EOF, op 0 flags 00 path /proc/cpuinfo
1669020446069	geckodriver	INFO	Listening on 127.0.0.1:36339
1669020446604	mozrunner::runner	INFO	Running command: "/bin/firefox" "--marionette" "--remote-debugging-port" "44115" "--remote-allow-hosts" "localhost" "-no-remote" "-profile" "/tmp/rust_mozprofilefgV3Ry"
ATTENTION: default value of option mesa_glthread overridden by environment.
ATTENTION: default value of option mesa_glthread overridden by environment.
ATTENTION: default value of option mesa_glthread overridden by environment.
ATTENTION: default value of option mesa_glthread overridden by environment.
1669020447066	Marionette	INFO	Marionette enabled
1669020447070	Marionette	INFO	Listening on port 43377
Read port: 43377
WebDriver BiDi listening on ws://127.0.0.1:44115
1669020447164	RemoteAgent	WARN	TLS certificate errors will be ignored for this session
console.warn: SearchSettings: "get: No settings file exists, new profile?" (new NotFoundError("Could not open the file at /tmp/rust_mozprofilefgV3Ry/search.json.mozlz4", (void 0)))
DevTools listening on ws://127.0.0.1:44115/devtools/browser/fcbecef1-ba02-4e38-b8ac-f7838e2d8784
console.warn: LoginRecipes: "Falling back to a synchronous message for: https://ok.ru."
console.warn: LoginRecipes: "Falling back to a synchronous message for: https://ok.ru."
[Child 19294, MediaDecoderStateMachine #1] WARNING: Decoder=7f8f0b243700 state=DECODING_METADATA Decode metadata failed, shutting down decoder: file /builds/worker/checkouts/gecko/dom/media/MediaDecoderStateMachine.cpp:370
[Child 19294, MediaDecoderStateMachine #1] WARNING: Decoder=7f8f0b243700 Decode error: NS_ERROR_DOM_MEDIA_METADATA_ERR (0x806e0006): file /builds/worker/checkouts/gecko/dom/media/MediaDecoderStateMachineBase.cpp:151
JavaScript error: https://ok.ru/res/js/lib/require-2.1.11_1ae533d5.js, line 6: Error: Script error for: adman
http://requirejs.org/docs/errors.html#scripterror
[Child 19294, MediaDecoderStateMachine #1] WARNING: Decoder=7f8f073f0100 state=DECODING_METADATA Decode metadata failed, shutting down decoder: file /builds/worker/checkouts/gecko/dom/media/MediaDecoderStateMachine.cpp:370
[Child 19294, MediaDecoderStateMachine #1] WARNING: Decoder=7f8f073f0100 Decode error: NS_ERROR_DOM_MEDIA_METADATA_ERR (0x806e0006): file /builds/worker/checkouts/gecko/dom/media/MediaDecoderStateMachineBase.cpp:151
JavaScript error: https://ok.ru/res/js/lib/require-2.1.11_1ae533d5.js, line 6: Error: Script error for: adman
http://requirejs.org/docs/errors.html#scripterror
[Child 19294, MediaDecoderStateMachine #1] WARNING: Decoder=7f8f0a8cac00 state=DECODING_METADATA Decode metadata failed, shutting down decoder: file /builds/worker/checkouts/gecko/dom/media/MediaDecoderStateMachine.cpp:370
[Child 19294, MediaDecoderStateMachine #1] WARNING: Decoder=7f8f0a8cac00 Decode error: NS_ERROR_DOM_MEDIA_METADATA_ERR (0x806e0006): file /builds/worker/checkouts/gecko/dom/media/MediaDecoderStateMachineBase.cpp:151
JavaScript error: https://ok.ru/res/js/lib/require-2.1.11_1ae533d5.js, line 6: Error: Script error for: adman
http://requirejs.org/docs/errors.html#scripterror
JavaScript error: resource://gre/modules/XULStore.jsm, line 58: Error: Can't find profile directory.
JavaScript error: resource://gre/modules/XULStore.jsm, line 58: Error: Can't find profile directory.
JavaScript error: , line 0: AbortError: The fetching process for the media resource was aborted by the user agent at the user's request.
JavaScript error: , line 0: AbortError: The fetching process for the media resource was aborted by the user agent at the user's request.
JavaScript error: , line 0: AbortError: The fetching process for the media resource was aborted by the user agent at the user's request.
JavaScript error: , line 0: AbortError: The fetching process for the media resource was aborted by the user agent at the user's request.
1669020550050	Marionette	INFO	Stopped listening on port 43377
console.warn: TopSitesFeed: Failed to fetch data from Contile server: NetworkError when attempting to fetch resource.
Sandbox: Unexpected EOF, op 0 flags 00 path /proc/cpuinfo
1669031354974	geckodriver	INFO	Listening on 127.0.0.1:45747
1669031355509	mozrunner::runner	INFO	Running command: "/bin/firefox" "--marionette" "--remote-debugging-port" "53657" "--remote-allow-hosts" "localhost" "-no-remote" "-profile" "/tmp/rust_mozprofileIn2CnR"
ATTENTION: default value of option mesa_glthread overridden by environment.
ATTENTION: default value of option mesa_glthread overridden by environment.
ATTENTION: default value of option mesa_glthread overridden by environment.
ATTENTION: default value of option mesa_glthread overridden by environment.
1669031355979	Marionette	INFO	Marionette enabled
1669031355981	Marionette	INFO	Listening on port 34615
Read port: 34615
WebDriver BiDi listening on ws://127.0.0.1:53657
1669031356066	RemoteAgent	WARN	TLS certificate errors will be ignored for this session
console.warn: SearchSettings: "get: No settings file exists, new profile?" (new NotFoundError("Could not open the file at /tmp/rust_mozprofileIn2CnR/search.json.mozlz4", (void 0)))
DevTools listening on ws://127.0.0.1:53657/devtools/browser/ee37fa14-4e9a-4d34-832c-86dc673ddcf2
console.warn: LoginRecipes: "Falling back to a synchronous message for: https://ok.ru."
console.warn: LoginRecipes: "Falling back to a synchronous message for: https://ok.ru."
1669031414218	Marionette	WARN	TimedPromise timed out after 500 ms: stacktrace:
TimedPromise/<@chrome://remote/content/marionette/sync.sys.mjs:220:24
TimedPromise@chrome://remote/content/marionette/sync.sys.mjs:205:10
interaction.flushEventLoop@chrome://remote/content/marionette/interaction.sys.mjs:425:10
webdriverClickElement@chrome://remote/content/marionette/interaction.sys.mjs:173:31
[Child 2378, MediaDecoderStateMachine #1] WARNING: Decoder=7f89bbbfa900 state=DECODING_METADATA Decode metadata failed, shutting down decoder: file /builds/worker/checkouts/gecko/dom/media/MediaDecoderStateMachine.cpp:370
[Child 2378, MediaDecoderStateMachine #1] WARNING: Decoder=7f89bbbfa900 Decode error: NS_ERROR_DOM_MEDIA_METADATA_ERR (0x806e0006): file /builds/worker/checkouts/gecko/dom/media/MediaDecoderStateMachineBase.cpp:151
JavaScript error: https://ok.ru/res/js/lib/require-2.1.11_1ae533d5.js, line 6: Error: Script error for: adman
http://requirejs.org/docs/errors.html#scripterror
[Child 2378, MediaDecoderStateMachine #1] WARNING: Decoder=7f89c7770100 state=DECODING_METADATA Decode metadata failed, shutting down decoder: file /builds/worker/checkouts/gecko/dom/media/MediaDecoderStateMachine.cpp:370
[Child 2378, MediaDecoderStateMachine #1] WARNING: Decoder=7f89c7770100 Decode error: NS_ERROR_DOM_MEDIA_METADATA_ERR (0x806e0006): file /builds/worker/checkouts/gecko/dom/media/MediaDecoderStateMachineBase.cpp:151
JavaScript error: https://ok.ru/res/js/lib/require-2.1.11_1ae533d5.js, line 6: Error: Script error for: adman
http://requirejs.org/docs/errors.html#scripterror
JavaScript error: resource://gre/modules/XULStore.jsm, line 58: Error: Can't find profile directory.
JavaScript error: resource://gre/modules/XULStore.jsm, line 58: Error: Can't find profile directory.
console.error: "Unable to find target with innerWindowId:4294967305"
[Child 2378, MediaDecoderStateMachine #2] WARNING: Decoder=7f89b1425600 state=DECODING_METADATA Decode metadata failed, shutting down decoder: file /builds/worker/checkouts/gecko/dom/media/MediaDecoderStateMachine.cpp:370
[Child 2378, MediaDecoderStateMachine #2] WARNING: Decoder=7f89b1425600 Decode error: NS_ERROR_DOM_MEDIA_METADATA_ERR (0x806e0006): file /builds/worker/checkouts/gecko/dom/media/MediaDecoderStateMachineBase.cpp:151
JavaScript error: https://ok.ru/res/js/lib/require-2.1.11_1ae533d5.js, line 6: Error: Script error for: adman
http://requirejs.org/docs/errors.html#scripterror
console.error: "Unable to find target with innerWindowId:4294967308"
[Child 2378, MediaDecoderStateMachine #2] WARNING: Decoder=7f89a138ad00 state=DECODING_METADATA Decode metadata failed, shutting down decoder: file /builds/worker/checkouts/gecko/dom/media/MediaDecoderStateMachine.cpp:370
[Child 2378, MediaDecoderStateMachine #2] WARNING: Decoder=7f89a138ad00 Decode error: NS_ERROR_DOM_MEDIA_METADATA_ERR (0x806e0006): file /builds/worker/checkouts/gecko/dom/media/MediaDecoderStateMachineBase.cpp:151
JavaScript error: https://ok.ru/res/js/lib/require-2.1.11_1ae533d5.js, line 6: Error: Script error for: adman
http://requirejs.org/docs/errors.html#scripterror
console.error: "Unable to find target with innerWindowId:4294967311"
[Child 2378, MediaDecoderStateMachine #2] WARNING: Decoder=7f89b9dcea00 state=DECODING_METADATA Decode metadata failed, shutting down decoder: file /builds/worker/checkouts/gecko/dom/media/MediaDecoderStateMachine.cpp:370
[Child 2378, MediaDecoderStateMachine #2] WARNING: Decoder=7f89b9dcea00 Decode error: NS_ERROR_DOM_MEDIA_METADATA_ERR (0x806e0006): file /builds/worker/checkouts/gecko/dom/media/MediaDecoderStateMachineBase.cpp:151
JavaScript error: https://ok.ru/res/js/lib/require-2.1.11_1ae533d5.js, line 6: Error: Script error for: adman
http://requirejs.org/docs/errors.html#scripterror
console.error: "Unable to find target with innerWindowId:4294967314"
[Child 2378, MediaDecoderStateMachine #2] WARNING: Decoder=7f89b4d2f400 state=DECODING_METADATA Decode metadata failed, shutting down decoder: file /builds/worker/checkouts/gecko/dom/media/MediaDecoderStateMachine.cpp:370
[Child 2378, MediaDecoderStateMachine #2] WARNING: Decoder=7f89b4d2f400 Decode error: NS_ERROR_DOM_MEDIA_METADATA_ERR (0x806e0006): file /builds/worker/checkouts/gecko/dom/media/MediaDecoderStateMachineBase.cpp:151
JavaScript error: https://ok.ru/res/js/lib/require-2.1.11_1ae533d5.js, line 6: Error: Script error for: adman
http://requirejs.org/docs/errors.html#scripterror
console.error: "Unable to find target with innerWindowId:4294967317"
JavaScript error: https://ok.ru/res/js/app/FriendsStream_b6238a81.js, line 1: TypeError: e.stickyBlock is null
[Child 2378, MediaDecoderStateMachine #2] WARNING: Decoder=7f89ae89b500 state=DECODING_METADATA Decode metadata failed, shutting down decoder: file /builds/worker/checkouts/gecko/dom/media/MediaDecoderStateMachine.cpp:370
[Child 2378, MediaDecoderStateMachine #2] WARNING: Decoder=7f89ae89b500 Decode error: NS_ERROR_DOM_MEDIA_METADATA_ERR (0x806e0006): file /builds/worker/checkouts/gecko/dom/media/MediaDecoderStateMachineBase.cpp:151
JavaScript error: https://ok.ru/res/js/lib/require-2.1.11_1ae533d5.js, line 6: Error: Script error for: adman
http://requirejs.org/docs/errors.html#scripterror
console.error: services.settings: 
  main/public-suffix-list Signature failed  InvalidSignatureError: Invalid content signature (main/public-suffix-list)
console.error: services.settings: 
  main/public-suffix-list local data was corrupted
console.warn: services.settings: main/public-suffix-list Signature verified failed. Retry from scratch
console.error: services.settings: 
  main/public-suffix-list Signature failed again InvalidSignatureError: Invalid content signature (main/public-suffix-list)
console.error: services.settings: 
  Message: InvalidSignatureError: Invalid content signature (main/public-suffix-list)
  Stack:
    InvalidSignatureError@resource://services-settings/RemoteSettingsClient.jsm:169:5
_validateCollectionSignature@resource://services-settings/RemoteSettingsClient.jsm:977:13

console.error: services.settings: 
  main/pioneer-study-addons-v1 Signature failed  InvalidSignatureError: Invalid content signature (main/pioneer-study-addons-v1)
console.error: services.settings: 
  main/pioneer-study-addons-v1 local data was corrupted
console.warn: services.settings: main/pioneer-study-addons-v1 Signature verified failed. Retry from scratch
console.error: services.settings: 
  main/pioneer-study-addons-v1 Signature failed again InvalidSignatureError: Invalid content signature (main/pioneer-study-addons-v1)
console.error: services.settings: 
  Message: InvalidSignatureError: Invalid content signature (main/pioneer-study-addons-v1)
  Stack:
    InvalidSignatureError@resource://services-settings/RemoteSettingsClient.jsm:169:5
_validateCollectionSignature@resource://services-settings/RemoteSettingsClient.jsm:977:13

console.error: services.settings: 
  main/doh-config Signature failed  InvalidSignatureError: Invalid content signature (main/doh-config)
console.error: services.settings: 
  main/doh-config local data was corrupted
console.warn: services.settings: main/doh-config Signature verified failed. Retry from scratch
console.error: "Unable to find target with innerWindowId:4294967320"
[Child 2378, MediaDecoderStateMachine #2] WARNING: Decoder=7f89a54f6200 state=DECODING_METADATA Decode metadata failed, shutting down decoder: file /builds/worker/checkouts/gecko/dom/media/MediaDecoderStateMachine.cpp:370
[Child 2378, MediaDecoderStateMachine #2] WARNING: Decoder=7f89a54f6200 Decode error: NS_ERROR_DOM_MEDIA_METADATA_ERR (0x806e0006): file /builds/worker/checkouts/gecko/dom/media/MediaDecoderStateMachineBase.cpp:151
JavaScript error: https://ok.ru/res/js/lib/require-2.1.11_1ae533d5.js, line 6: Error: Script error for: adman
http://requirejs.org/docs/errors.html#scripterror
console.error: "Unable to find target with innerWindowId:4294967323"
console.warn: "Listener for event 'frame' did not return a promise."
JavaScript error: https://ok.ru/res/js/b/primary_be7f20d5.js, line 9: TypeError: a is undefined
JavaScript error: https://ok.ru/res/js/b/primary_be7f20d5.js, line 9: TypeError: a is undefined
console.error: "Unable to find target with innerWindowId:4294967326"
console.warn: "Listener for event 'frame' did not return a promise."
JavaScript error: https://ok.ru/res/js/b/primary_be7f20d5.js, line 9: TypeError: a is undefined
JavaScript error: , line 0: uncaught exception: undefined
console.error: "Unable to find target with innerWindowId:4294967329"
JavaScript error: , line 0: uncaught exception: Object
JavaScript error: , line 0: uncaught exception: Object
console.error: "Unable to find target with innerWindowId:4294967332"
console.error: "Unable to find target with innerWindowId:4294967332"
console.error: "Unable to find target with innerWindowId:4294967332"
[Child 2378, MediaDecoderStateMachine #3] WARNING: Decoder=7f89bdd45500 state=DECODING_METADATA Decode metadata failed, shutting down decoder: file /builds/worker/checkouts/gecko/dom/media/MediaDecoderStateMachine.cpp:370
[Child 2378, MediaDecoderStateMachine #3] WARNING: Decoder=7f89bdd45500 Decode error: NS_ERROR_DOM_MEDIA_METADATA_ERR (0x806e0006): file /builds/worker/checkouts/gecko/dom/media/MediaDecoderStateMachineBase.cpp:151
JavaScript error: https://ok.ru/res/js/lib/require-2.1.11_1ae533d5.js, line 6: Error: Script error for: adman
http://requirejs.org/docs/errors.html#scripterror
console.error: "Unable to find target with innerWindowId:4294967335"
[Child 2378, MediaDecoderStateMachine #3] WARNING: Decoder=7f89bd915e00 state=DECODING_METADATA Decode metadata failed, shutting down decoder: file /builds/worker/checkouts/gecko/dom/media/MediaDecoderStateMachine.cpp:370
[Child 2378, MediaDecoderStateMachine #3] WARNING: Decoder=7f89bd915e00 Decode error: NS_ERROR_DOM_MEDIA_METADATA_ERR (0x806e0006): file /builds/worker/checkouts/gecko/dom/media/MediaDecoderStateMachineBase.cpp:151
JavaScript error: https://ok.ru/res/js/lib/require-2.1.11_1ae533d5.js, line 6: Error: Script error for: adman
http://requirejs.org/docs/errors.html#scripterror
console.error: "Unable to find target with innerWindowId:4294967338"
[Child 2378, MediaDecoderStateMachine #3] WARNING: Decoder=7f89a0927700 state=DECODING_METADATA Decode metadata failed, shutting down decoder: file /builds/worker/checkouts/gecko/dom/media/MediaDecoderStateMachine.cpp:370
[Child 2378, MediaDecoderStateMachine #3] WARNING: Decoder=7f89a0927700 Decode error: NS_ERROR_DOM_MEDIA_METADATA_ERR (0x806e0006): file /builds/worker/checkouts/gecko/dom/media/MediaDecoderStateMachineBase.cpp:151
JavaScript error: https://ok.ru/res/js/lib/require-2.1.11_1ae533d5.js, line 6: Error: Script error for: adman
http://requirejs.org/docs/errors.html#scripterror
console.error: "Unable to find target with innerWindowId:4294967341"
[Child 2378, MediaDecoderStateMachine #3] WARNING: Decoder=7f89b95d7c00 state=DECODING_METADATA Decode metadata failed, shutting down decoder: file /builds/worker/checkouts/gecko/dom/media/MediaDecoderStateMachine.cpp:370
[Child 2378, MediaDecoderStateMachine #3] WARNING: Decoder=7f89b95d7c00 Decode error: NS_ERROR_DOM_MEDIA_METADATA_ERR (0x806e0006): file /builds/worker/checkouts/gecko/dom/media/MediaDecoderStateMachineBase.cpp:151
JavaScript error: https://ok.ru/res/js/lib/require-2.1.11_1ae533d5.js, line 6: Error: Script error for: adman
http://requirejs.org/docs/errors.html#scripterror
console.error: "Unable to find target with innerWindowId:4294967344"
[Child 2378, MediaDecoderStateMachine #3] WARNING: Decoder=7f89a0904600 state=DECODING_METADATA Decode metadata failed, shutting down decoder: file /builds/worker/checkouts/gecko/dom/media/MediaDecoderStateMachine.cpp:370
[Child 2378, MediaDecoderStateMachine #3] WARNING: Decoder=7f89a0904600 Decode error: NS_ERROR_DOM_MEDIA_METADATA_ERR (0x806e0006): file /builds/worker/checkouts/gecko/dom/media/MediaDecoderStateMachineBase.cpp:151
JavaScript error: https://ok.ru/res/js/lib/require-2.1.11_1ae533d5.js, line 6: Error: Script error for: adman
http://requirejs.org/docs/errors.html#scripterror
1669088506623	geckodriver	INFO	Listening on 127.0.0.1:40387
1669088507173	mozrunner::runner	INFO	Running command: "/bin/firefox" "--marionette" "--remote-debugging-port" "34555" "--remote-allow-hosts" "localhost" "-no-remote" "-profile" "/tmp/rust_mozprofileQIPNjY"
ATTENTION: default value of option mesa_glthread overridden by environment.
ATTENTION: default value of option mesa_glthread overridden by environment.
ATTENTION: default value of option mesa_glthread overridden by environment.
ATTENTION: default value of option mesa_glthread overridden by environment.
1669088507774	Marionette	INFO	Marionette enabled
1669088507778	Marionette	INFO	Listening on port 40435
WebDriver BiDi listening on ws://127.0.0.1:34555
Read port: 40435
1669088507970	RemoteAgent	WARN	TLS certificate errors will be ignored for this session
console.warn: SearchSettings: "get: No settings file exists, new profile?" (new NotFoundError("Could not open the file at /tmp/rust_mozprofileQIPNjY/search.json.mozlz4", (void 0)))
DevTools listening on ws://127.0.0.1:34555/devtools/browser/507b1e4e-80b4-46d7-af73-744e1298351b
console.warn: LoginRecipes: "Falling back to a synchronous message for: https://ok.ru."
console.warn: LoginRecipes: "Falling back to a synchronous message for: https://ok.ru."
[Child 2557, MediaDecoderStateMachine #1] WARNING: Decoder=7f4e0c5f5100 state=DECODING_METADATA Decode metadata failed, shutting down decoder: file /builds/worker/checkouts/gecko/dom/media/MediaDecoderStateMachine.cpp:370
[Child 2557, MediaDecoderStateMachine #1] WARNING: Decoder=7f4e0c5f5100 Decode error: NS_ERROR_DOM_MEDIA_METADATA_ERR (0x806e0006): file /builds/worker/checkouts/gecko/dom/media/MediaDecoderStateMachineBase.cpp:151
[Child 2557, MediaDecoderStateMachine #1] WARNING: Decoder=7f4e081c0700 state=DECODING_METADATA Decode metadata failed, shutting down decoder: file /builds/worker/checkouts/gecko/dom/media/MediaDecoderStateMachine.cpp:370
[Child 2557, MediaDecoderStateMachine #1] WARNING: Decoder=7f4e081c0700 Decode error: NS_ERROR_DOM_MEDIA_METADATA_ERR (0x806e0006): file /builds/worker/checkouts/gecko/dom/media/MediaDecoderStateMachineBase.cpp:151
[Child 2557, MediaDecoderStateMachine #1] WARNING: Decoder=7f4e10a2fa00 state=DECODING_METADATA Decode metadata failed, shutting down decoder: file /builds/worker/checkouts/gecko/dom/media/MediaDecoderStateMachine.cpp:370
[Child 2557, MediaDecoderStateMachine #1] WARNING: Decoder=7f4e10a2fa00 Decode error: NS_ERROR_DOM_MEDIA_METADATA_ERR (0x806e0006): file /builds/worker/checkouts/gecko/dom/media/MediaDecoderStateMachineBase.cpp:151
[Child 2557, MediaDecoderStateMachine #1] WARNING: Decoder=7f4e0f9df400 state=DECODING_METADATA Decode metadata failed, shutting down decoder: file /builds/worker/checkouts/gecko/dom/media/MediaDecoderStateMachine.cpp:370
[Child 2557, MediaDecoderStateMachine #1] WARNING: Decoder=7f4e0f9df400 Decode error: NS_ERROR_DOM_MEDIA_METADATA_ERR (0x806e0006): file /builds/worker/checkouts/gecko/dom/media/MediaDecoderStateMachineBase.cpp:151
console.warn: "Async method failed in safeAsyncMethod" (new Error("Connection closed, pending request to server0.conn0.windowGlobal4294967347/layout23, type getGrids failed\n\nRequest stack:\nrequest@resource://devtools/shared/protocol/Front.js:300:14\ngenerateRequestMethods/</frontProto[name]@resource://devtools/shared/protocol/Front/FrontClassWithSpec.js:47:19\ngetAllGrids@resource://devtools/client/fronts/layout.js:173:17\nexports.safeAsyncMethod/<@resource://devtools/shared/async-utils.js:61:25\ngetGrids@resource://devtools/client/inspector/grids/grid-inspector.js:452:35\n", "resource://devtools/shared/protocol/Front.js", 106))
console.warn: "Async method failed in safeAsyncMethod" (new Error("Connection closed, pending request to server0.conn0.windowGlobal4294967349/layout23, type getGrids failed\n\nRequest stack:\nrequest@resource://devtools/shared/protocol/Front.js:300:14\ngenerateRequestMethods/</frontProto[name]@resource://devtools/shared/protocol/Front/FrontClassWithSpec.js:47:19\ngetAllGrids@resource://devtools/client/fronts/layout.js:173:17\nexports.safeAsyncMethod/<@resource://devtools/shared/async-utils.js:61:25\ngetGrids@resource://devtools/client/inspector/grids/grid-inspector.js:452:35\n", "resource://devtools/shared/protocol/Front.js", 106))
console.warn: "Listener for event 'frame' did not return a promise."
console.warn: "Listener for event 'frame' did not return a promise."
console.warn: "Listener for event 'frame' did not return a promise."
console.error: (new TypeError("currentNode is null", "resource://devtools/client/inspector/shared/style-change-tracker.js", 66))
TypeError: currentNode is null: canMutationImpactCurrentStyles@resource://devtools/client/inspector/shared/style-change-tracker.js:66:20
onMutations@resource://devtools/client/inspector/shared/style-change-tracker.js:84:41
_emit@resource://devtools/shared/event-emitter.js:242:32
emit@resource://devtools/shared/event-emitter.js:186:18
emit@resource://devtools/shared/event-emitter.js:330:18
getMutations@resource://devtools/client/fronts/walker.js:313:10

console.error: "Unable to find target with innerWindowId:4294967341"
Handler function threw an exception: TypeError: browsingContext.currentWindowGlobal is null
Stack: isChannelFromSystemPrincipal@resource://devtools/server/actors/network-monitor/utils/network-utils.js:97:1
exports.createNetworkEvent@resource://devtools/server/actors/network-monitor/utils/network-utils.js:186:33
_createNetworkEvent@resource://devtools/server/actors/network-monitor/network-observer.js:729:32
_onRequestHeader@resource://devtools/server/actors/network-monitor/network-observer.js:775:10
NetworkObserver.prototype.observeActivity<@resource://devtools/server/actors/network-monitor/network-observer.js:656:12
exports.makeInfallible/<@resource://devtools/shared/ThreadSafeDevToolsUtils.js:103:22
Line: 97, column: 1
console.error: (new TypeError("browsingContext.currentWindowGlobal is null", "resource://devtools/server/actors/network-monitor/utils/network-utils.js", 97))
Handler function threw an exception: TypeError: httpActivity.owner is null
Stack: _onResponseHeader@resource://devtools/server/actors/network-monitor/network-observer.js:1037:5
_dispatchActivity@resource://devtools/server/actors/network-monitor/network-observer.js:577:14
NetworkObserver.prototype.observeActivity<@resource://devtools/server/actors/network-monitor/network-observer.js:686:12
exports.makeInfallible/<@resource://devtools/shared/ThreadSafeDevToolsUtils.js:103:22
Line: 1037, column: 5
console.error: (new TypeError("httpActivity.owner is null", "resource://devtools/server/actors/network-monitor/network-observer.js", 1037))
Handler function _httpStopRequest threw an exception: TypeError: browsingContext.currentWindowGlobal is null
Stack: isChannelFromSystemPrincipal@resource://devtools/server/actors/network-monitor/utils/network-utils.js:97:1
exports.createNetworkEvent@resource://devtools/server/actors/network-monitor/utils/network-utils.js:186:33
_createNetworkEvent@resource://devtools/server/actors/network-monitor/network-observer.js:729:32
_httpStopRequest@resource://devtools/server/actors/network-monitor/network-observer.js:356:14
exports.makeInfallible/<@resource://devtools/shared/ThreadSafeDevToolsUtils.js:103:22
Line: 97, column: 1
console.error: (new TypeError("browsingContext.currentWindowGlobal is null", "resource://devtools/server/actors/network-monitor/utils/network-utils.js", 97))
console.warn: "Listener for event 'frame' did not return a promise."
console.warn: "Listener for event 'frame' did not return a promise."
[Child 2557, MediaDecoderStateMachine #1] WARNING: Decoder=7f4bf9f6a400 state=DECODING_METADATA Decode metadata failed, shutting down decoder: file /builds/worker/checkouts/gecko/dom/media/MediaDecoderStateMachine.cpp:370
[Child 2557, MediaDecoderStateMachine #1] WARNING: Decoder=7f4bf9f6a400 Decode error: NS_ERROR_DOM_MEDIA_METADATA_ERR (0x806e0006): file /builds/worker/checkouts/gecko/dom/media/MediaDecoderStateMachineBase.cpp:151
console.error: (new TypeError("currentNode is null", "resource://devtools/client/inspector/shared/style-change-tracker.js", 66))
TypeError: currentNode is null: canMutationImpactCurrentStyles@resource://devtools/client/inspector/shared/style-change-tracker.js:66:20
onMutations@resource://devtools/client/inspector/shared/style-change-tracker.js:84:41
_emit@resource://devtools/shared/event-emitter.js:242:32
emit@resource://devtools/shared/event-emitter.js:186:18
emit@resource://devtools/shared/event-emitter.js:330:18
getMutations@resource://devtools/client/fronts/walker.js:313:10

Handler function threw an exception: TypeError: browsingContext.currentWindowGlobal is null
Stack: isChannelFromSystemPrincipal@resource://devtools/server/actors/network-monitor/utils/network-utils.js:97:1
exports.createNetworkEvent@resource://devtools/server/actors/network-monitor/utils/network-utils.js:186:33
_createNetworkEvent@resource://devtools/server/actors/network-monitor/network-observer.js:729:32
_onRequestHeader@resource://devtools/server/actors/network-monitor/network-observer.js:775:10
NetworkObserver.prototype.observeActivity<@resource://devtools/server/actors/network-monitor/network-observer.js:656:12
exports.makeInfallible/<@resource://devtools/shared/ThreadSafeDevToolsUtils.js:103:22
Line: 97, column: 1
console.error: (new TypeError("browsingContext.currentWindowGlobal is null", "resource://devtools/server/actors/network-monitor/utils/network-utils.js", 97))
console.warn: "Listener for event 'frame' did not return a promise."
Handler function threw an exception: TypeError: httpActivity.owner is null
Stack: _onResponseHeader@resource://devtools/server/actors/network-monitor/network-observer.js:1037:5
_dispatchActivity@resource://devtools/server/actors/network-monitor/network-observer.js:577:14
NetworkObserver.prototype.observeActivity<@resource://devtools/server/actors/network-monitor/network-observer.js:686:12
exports.makeInfallible/<@resource://devtools/shared/ThreadSafeDevToolsUtils.js:103:22
Line: 1037, column: 5
console.error: (new TypeError("httpActivity.owner is null", "resource://devtools/server/actors/network-monitor/network-observer.js", 1037))
Handler function _httpStopRequest threw an exception: TypeError: browsingContext.currentWindowGlobal is null
Stack: isChannelFromSystemPrincipal@resource://devtools/server/actors/network-monitor/utils/network-utils.js:97:1
exports.createNetworkEvent@resource://devtools/server/actors/network-monitor/utils/network-utils.js:186:33
_createNetworkEvent@resource://devtools/server/actors/network-monitor/network-observer.js:729:32
_httpStopRequest@resource://devtools/server/actors/network-monitor/network-observer.js:356:14
exports.makeInfallible/<@resource://devtools/shared/ThreadSafeDevToolsUtils.js:103:22
Line: 97, column: 1
console.error: (new TypeError("browsingContext.currentWindowGlobal is null", "resource://devtools/server/actors/network-monitor/utils/network-utils.js", 97))
console.warn: "Listener for event 'frame' did not return a promise."
console.warn: "Listener for event 'frame' did not return a promise."
console.warn: "Listener for event 'frame' did not return a promise."
console.warn: "Listener for event 'frame' did not return a promise."
console.warn: "Listener for event 'frame' did not return a promise."
console.warn: "Listener for event 'frame' did not return a promise."
[Child 2557, MediaDecoderStateMachine #1] WARNING: Decoder=7f4bfbd0e600 state=DECODING_METADATA Decode metadata failed, shutting down decoder: file /builds/worker/checkouts/gecko/dom/media/MediaDecoderStateMachine.cpp:370
[Child 2557, MediaDecoderStateMachine #1] WARNING: Decoder=7f4bfbd0e600 Decode error: NS_ERROR_DOM_MEDIA_METADATA_ERR (0x806e0006): file /builds/worker/checkouts/gecko/dom/media/MediaDecoderStateMachineBase.cpp:151
Handler function threw an exception: TypeError: browsingContext.currentWindowGlobal is null
Stack: isChannelFromSystemPrincipal@resource://devtools/server/actors/network-monitor/utils/network-utils.js:97:1
exports.createNetworkEvent@resource://devtools/server/actors/network-monitor/utils/network-utils.js:186:33
_createNetworkEvent@resource://devtools/server/actors/network-monitor/network-observer.js:729:32
_onRequestHeader@resource://devtools/server/actors/network-monitor/network-observer.js:775:10
NetworkObserver.prototype.observeActivity<@resource://devtools/server/actors/network-monitor/network-observer.js:656:12
exports.makeInfallible/<@resource://devtools/shared/ThreadSafeDevToolsUtils.js:103:22
Line: 97, column: 1
console.error: (new TypeError("browsingContext.currentWindowGlobal is null", "resource://devtools/server/actors/network-monitor/utils/network-utils.js", 97))
Handler function threw an exception: TypeError: httpActivity.owner is null
Stack: _onResponseHeader@resource://devtools/server/actors/network-monitor/network-observer.js:1037:5
_dispatchActivity@resource://devtools/server/actors/network-monitor/network-observer.js:577:14
NetworkObserver.prototype.observeActivity<@resource://devtools/server/actors/network-monitor/network-observer.js:686:12
exports.makeInfallible/<@resource://devtools/shared/ThreadSafeDevToolsUtils.js:103:22
Line: 1037, column: 5
console.error: (new TypeError("httpActivity.owner is null", "resource://devtools/server/actors/network-monitor/network-observer.js", 1037))
Handler function _httpStopRequest threw an exception: TypeError: browsingContext.currentWindowGlobal is null
Stack: isChannelFromSystemPrincipal@resource://devtools/server/actors/network-monitor/utils/network-utils.js:97:1
exports.createNetworkEvent@resource://devtools/server/actors/network-monitor/utils/network-utils.js:186:33
_createNetworkEvent@resource://devtools/server/actors/network-monitor/network-observer.js:729:32
_httpStopRequest@resource://devtools/server/actors/network-monitor/network-observer.js:356:14
exports.makeInfallible/<@resource://devtools/shared/ThreadSafeDevToolsUtils.js:103:22
Line: 97, column: 1
console.error: (new TypeError("browsingContext.currentWindowGlobal is null", "resource://devtools/server/actors/network-monitor/utils/network-utils.js", 97))
console.warn: "Listener for event 'frame' did not return a promise."
console.warn: "Listener for event 'frame' did not return a promise."
[Child 2557, MediaDecoderStateMachine #2] WARNING: Decoder=7f4bfcb9ba00 state=DECODING_METADATA Decode metadata failed, shutting down decoder: file /builds/worker/checkouts/gecko/dom/media/MediaDecoderStateMachine.cpp:370
[Child 2557, MediaDecoderStateMachine #2] WARNING: Decoder=7f4bfcb9ba00 Decode error: NS_ERROR_DOM_MEDIA_METADATA_ERR (0x806e0006): file /builds/worker/checkouts/gecko/dom/media/MediaDecoderStateMachineBase.cpp:151
Handler function threw an exception: TypeError: browsingContext.currentWindowGlobal is null
Stack: isChannelFromSystemPrincipal@resource://devtools/server/actors/network-monitor/utils/network-utils.js:97:1
exports.createNetworkEvent@resource://devtools/server/actors/network-monitor/utils/network-utils.js:186:33
_createNetworkEvent@resource://devtools/server/actors/network-monitor/network-observer.js:729:32
_onRequestHeader@resource://devtools/server/actors/network-monitor/network-observer.js:775:10
NetworkObserver.prototype.observeActivity<@resource://devtools/server/actors/network-monitor/network-observer.js:656:12
exports.makeInfallible/<@resource://devtools/shared/ThreadSafeDevToolsUtils.js:103:22
Line: 97, column: 1
console.error: (new TypeError("browsingContext.currentWindowGlobal is null", "resource://devtools/server/actors/network-monitor/utils/network-utils.js", 97))
Handler function threw an exception: TypeError: httpActivity.owner is null
Stack: _onResponseHeader@resource://devtools/server/actors/network-monitor/network-observer.js:1037:5
_dispatchActivity@resource://devtools/server/actors/network-monitor/network-observer.js:577:14
NetworkObserver.prototype.observeActivity<@resource://devtools/server/actors/network-monitor/network-observer.js:686:12
exports.makeInfallible/<@resource://devtools/shared/ThreadSafeDevToolsUtils.js:103:22
Line: 1037, column: 5
console.error: (new TypeError("httpActivity.owner is null", "resource://devtools/server/actors/network-monitor/network-observer.js", 1037))
Handler function _httpStopRequest threw an exception: TypeError: browsingContext.currentWindowGlobal is null
Stack: isChannelFromSystemPrincipal@resource://devtools/server/actors/network-monitor/utils/network-utils.js:97:1
exports.createNetworkEvent@resource://devtools/server/actors/network-monitor/utils/network-utils.js:186:33
_createNetworkEvent@resource://devtools/server/actors/network-monitor/network-observer.js:729:32
_httpStopRequest@resource://devtools/server/actors/network-monitor/network-observer.js:356:14
exports.makeInfallible/<@resource://devtools/shared/ThreadSafeDevToolsUtils.js:103:22
Line: 97, column: 1
console.error: (new TypeError("browsingContext.currentWindowGlobal is null", "resource://devtools/server/actors/network-monitor/utils/network-utils.js", 97))
console.warn: "Listener for event 'frame' did not return a promise."
console.warn: "Listener for event 'frame' did not return a promise."
console.warn: "Listener for event 'frame' did not return a promise."
console.warn: "Listener for event 'frame' did not return a promise."
[Child 2557, MediaDecoderStateMachine #2] WARNING: Decoder=7f4e0846b400 state=DECODING_METADATA Decode metadata failed, shutting down decoder: file /builds/worker/checkouts/gecko/dom/media/MediaDecoderStateMachine.cpp:370
[Child 2557, MediaDecoderStateMachine #2] WARNING: Decoder=7f4e0846b400 Decode error: NS_ERROR_DOM_MEDIA_METADATA_ERR (0x806e0006): file /builds/worker/checkouts/gecko/dom/media/MediaDecoderStateMachineBase.cpp:151
console.error: (new TypeError("currentNode is null", "resource://devtools/client/inspector/shared/style-change-tracker.js", 66))
TypeError: currentNode is null: canMutationImpactCurrentStyles@resource://devtools/client/inspector/shared/style-change-tracker.js:66:20
onMutations@resource://devtools/client/inspector/shared/style-change-tracker.js:84:41
_emit@resource://devtools/shared/event-emitter.js:242:32
emit@resource://devtools/shared/event-emitter.js:186:18
emit@resource://devtools/shared/event-emitter.js:330:18
getMutations@resource://devtools/client/fronts/walker.js:313:10

Handler function threw an exception: TypeError: browsingContext.currentWindowGlobal is null
Stack: isChannelFromSystemPrincipal@resource://devtools/server/actors/network-monitor/utils/network-utils.js:97:1
exports.createNetworkEvent@resource://devtools/server/actors/network-monitor/utils/network-utils.js:186:33
_createNetworkEvent@resource://devtools/server/actors/network-monitor/network-observer.js:729:32
_onRequestHeader@resource://devtools/server/actors/network-monitor/network-observer.js:775:10
NetworkObserver.prototype.observeActivity<@resource://devtools/server/actors/network-monitor/network-observer.js:656:12
exports.makeInfallible/<@resource://devtools/shared/ThreadSafeDevToolsUtils.js:103:22
Line: 97, column: 1
console.error: (new TypeError("browsingContext.currentWindowGlobal is null", "resource://devtools/server/actors/network-monitor/utils/network-utils.js", 97))
console.warn: "Listener for event 'frame' did not return a promise."
Handler function threw an exception: TypeError: httpActivity.owner is null
Stack: _onResponseHeader@resource://devtools/server/actors/network-monitor/network-observer.js:1037:5
_dispatchActivity@resource://devtools/server/actors/network-monitor/network-observer.js:577:14
NetworkObserver.prototype.observeActivity<@resource://devtools/server/actors/network-monitor/network-observer.js:686:12
exports.makeInfallible/<@resource://devtools/shared/ThreadSafeDevToolsUtils.js:103:22
Line: 1037, column: 5
console.error: (new TypeError("httpActivity.owner is null", "resource://devtools/server/actors/network-monitor/network-observer.js", 1037))
Handler function _httpStopRequest threw an exception: TypeError: browsingContext.currentWindowGlobal is null
Stack: isChannelFromSystemPrincipal@resource://devtools/server/actors/network-monitor/utils/network-utils.js:97:1
exports.createNetworkEvent@resource://devtools/server/actors/network-monitor/utils/network-utils.js:186:33
_createNetworkEvent@resource://devtools/server/actors/network-monitor/network-observer.js:729:32
_httpStopRequest@resource://devtools/server/actors/network-monitor/network-observer.js:356:14
exports.makeInfallible/<@resource://devtools/shared/ThreadSafeDevToolsUtils.js:103:22
Line: 97, column: 1
console.error: (new TypeError("browsingContext.currentWindowGlobal is null", "resource://devtools/server/actors/network-monitor/utils/network-utils.js", 97))
console.warn: "Listener for event 'frame' did not return a promise."
console.warn: "Listener for event 'frame' did not return a promise."
console.warn: "Listener for event 'frame' did not return a promise."
console.warn: "Listener for event 'frame' did not return a promise."
console.warn: "Listener for event 'frame' did not return a promise."
console.warn: "Listener for event 'frame' did not return a promise."
[Child 2557, MediaDecoderStateMachine #2] WARNING: Decoder=7f4bff6a5f00 state=DECODING_METADATA Decode metadata failed, shutting down decoder: file /builds/worker/checkouts/gecko/dom/media/MediaDecoderStateMachine.cpp:370
[Child 2557, MediaDecoderStateMachine #2] WARNING: Decoder=7f4bff6a5f00 Decode error: NS_ERROR_DOM_MEDIA_METADATA_ERR (0x806e0006): file /builds/worker/checkouts/gecko/dom/media/MediaDecoderStateMachineBase.cpp:151
console.error: "Unable to find target with innerWindowId:4294967401"
console.warn: "Listener for event 'frame' did not return a promise."
Handler function threw an exception: TypeError: browsingContext.currentWindowGlobal is null
Stack: isChannelFromSystemPrincipal@resource://devtools/server/actors/network-monitor/utils/network-utils.js:97:1
exports.createNetworkEvent@resource://devtools/server/actors/network-monitor/utils/network-utils.js:186:33
_createNetworkEvent@resource://devtools/server/actors/network-monitor/network-observer.js:729:32
_onRequestHeader@resource://devtools/server/actors/network-monitor/network-observer.js:775:10
NetworkObserver.prototype.observeActivity<@resource://devtools/server/actors/network-monitor/network-observer.js:656:12
exports.makeInfallible/<@resource://devtools/shared/ThreadSafeDevToolsUtils.js:103:22
Line: 97, column: 1
console.error: (new TypeError("browsingContext.currentWindowGlobal is null", "resource://devtools/server/actors/network-monitor/utils/network-utils.js", 97))
Handler function threw an exception: TypeError: httpActivity.owner is null
Stack: _onResponseHeader@resource://devtools/server/actors/network-monitor/network-observer.js:1037:5
_dispatchActivity@resource://devtools/server/actors/network-monitor/network-observer.js:577:14
NetworkObserver.prototype.observeActivity<@resource://devtools/server/actors/network-monitor/network-observer.js:686:12
exports.makeInfallible/<@resource://devtools/shared/ThreadSafeDevToolsUtils.js:103:22
Line: 1037, column: 5
console.error: (new TypeError("httpActivity.owner is null", "resource://devtools/server/actors/network-monitor/network-observer.js", 1037))
Handler function _httpStopRequest threw an exception: TypeError: browsingContext.currentWindowGlobal is null
Stack: isChannelFromSystemPrincipal@resource://devtools/server/actors/network-monitor/utils/network-utils.js:97:1
exports.createNetworkEvent@resource://devtools/server/actors/network-monitor/utils/network-utils.js:186:33
_createNetworkEvent@resource://devtools/server/actors/network-monitor/network-observer.js:729:32
_httpStopRequest@resource://devtools/server/actors/network-monitor/network-observer.js:356:14
exports.makeInfallible/<@resource://devtools/shared/ThreadSafeDevToolsUtils.js:103:22
Line: 97, column: 1
console.error: (new TypeError("browsingContext.currentWindowGlobal is null", "resource://devtools/server/actors/network-monitor/utils/network-utils.js", 97))
console.warn: "Listener for event 'frame' did not return a promise."
console.warn: "Listener for event 'frame' did not return a promise."
[Child 2557, MediaDecoderStateMachine #2] WARNING: Decoder=7f4e0e434400 state=DECODING_METADATA Decode metadata failed, shutting down decoder: file /builds/worker/checkouts/gecko/dom/media/MediaDecoderStateMachine.cpp:370
[Child 2557, MediaDecoderStateMachine #2] WARNING: Decoder=7f4e0e434400 Decode error: NS_ERROR_DOM_MEDIA_METADATA_ERR (0x806e0006): file /builds/worker/checkouts/gecko/dom/media/MediaDecoderStateMachineBase.cpp:151
Handler function threw an exception: TypeError: browsingContext.currentWindowGlobal is null
Stack: isChannelFromSystemPrincipal@resource://devtools/server/actors/network-monitor/utils/network-utils.js:97:1
exports.createNetworkEvent@resource://devtools/server/actors/network-monitor/utils/network-utils.js:186:33
_createNetworkEvent@resource://devtools/server/actors/network-monitor/network-observer.js:729:32
_onRequestHeader@resource://devtools/server/actors/network-monitor/network-observer.js:775:10
NetworkObserver.prototype.observeActivity<@resource://devtools/server/actors/network-monitor/network-observer.js:656:12
exports.makeInfallible/<@resource://devtools/shared/ThreadSafeDevToolsUtils.js:103:22
Line: 97, column: 1
console.error: (new TypeError("browsingContext.currentWindowGlobal is null", "resource://devtools/server/actors/network-monitor/utils/network-utils.js", 97))
Handler function threw an exception: TypeError: httpActivity.owner is null
Stack: _onResponseHeader@resource://devtools/server/actors/network-monitor/network-observer.js:1037:5
_dispatchActivity@resource://devtools/server/actors/network-monitor/network-observer.js:577:14
NetworkObserver.prototype.observeActivity<@resource://devtools/server/actors/network-monitor/network-observer.js:686:12
exports.makeInfallible/<@resource://devtools/shared/ThreadSafeDevToolsUtils.js:103:22
Line: 1037, column: 5
console.error: (new TypeError("httpActivity.owner is null", "resource://devtools/server/actors/network-monitor/network-observer.js", 1037))
Handler function _httpStopRequest threw an exception: TypeError: browsingContext.currentWindowGlobal is null
Stack: isChannelFromSystemPrincipal@resource://devtools/server/actors/network-monitor/utils/network-utils.js:97:1
exports.createNetworkEvent@resource://devtools/server/actors/network-monitor/utils/network-utils.js:186:33
_createNetworkEvent@resource://devtools/server/actors/network-monitor/network-observer.js:729:32
_httpStopRequest@resource://devtools/server/actors/network-monitor/network-observer.js:356:14
exports.makeInfallible/<@resource://devtools/shared/ThreadSafeDevToolsUtils.js:103:22
Line: 97, column: 1
console.error: (new TypeError("browsingContext.currentWindowGlobal is null", "resource://devtools/server/actors/network-monitor/utils/network-utils.js", 97))
console.warn: "Listener for event 'frame' did not return a promise."
console.warn: "Listener for event 'frame' did not return a promise."
console.warn: "Listener for event 'frame' did not return a promise."
console.warn: "Listener for event 'frame' did not return a promise."
console.warn: "Listener for event 'frame' did not return a promise."
console.warn: "Listener for event 'frame' did not return a promise."
[Child 2557, MediaDecoderStateMachine #2] WARNING: Decoder=7f4e038ad700 state=DECODING_METADATA Decode metadata failed, shutting down decoder: file /builds/worker/checkouts/gecko/dom/media/MediaDecoderStateMachine.cpp:370
[Child 2557, MediaDecoderStateMachine #2] WARNING: Decoder=7f4e038ad700 Decode error: NS_ERROR_DOM_MEDIA_METADATA_ERR (0x806e0006): file /builds/worker/checkouts/gecko/dom/media/MediaDecoderStateMachineBase.cpp:151
console.error: "Unable to find target with innerWindowId:4294967425"
Handler function threw an exception: TypeError: browsingContext.currentWindowGlobal is null
Stack: isChannelFromSystemPrincipal@resource://devtools/server/actors/network-monitor/utils/network-utils.js:97:1
exports.createNetworkEvent@resource://devtools/server/actors/network-monitor/utils/network-utils.js:186:33
_createNetworkEvent@resource://devtools/server/actors/network-monitor/network-observer.js:729:32
_onRequestHeader@resource://devtools/server/actors/network-monitor/network-observer.js:775:10
NetworkObserver.prototype.observeActivity<@resource://devtools/server/actors/network-monitor/network-observer.js:656:12
exports.makeInfallible/<@resource://devtools/shared/ThreadSafeDevToolsUtils.js:103:22
Line: 97, column: 1
console.error: (new TypeError("browsingContext.currentWindowGlobal is null", "resource://devtools/server/actors/network-monitor/utils/network-utils.js", 97))
Handler function threw an exception: TypeError: httpActivity.owner is null
Stack: _onResponseHeader@resource://devtools/server/actors/network-monitor/network-observer.js:1037:5
_dispatchActivity@resource://devtools/server/actors/network-monitor/network-observer.js:577:14
NetworkObserver.prototype.observeActivity<@resource://devtools/server/actors/network-monitor/network-observer.js:686:12
exports.makeInfallible/<@resource://devtools/shared/ThreadSafeDevToolsUtils.js:103:22
Line: 1037, column: 5
console.error: (new TypeError("httpActivity.owner is null", "resource://devtools/server/actors/network-monitor/network-observer.js", 1037))
Handler function _httpStopRequest threw an exception: TypeError: browsingContext.currentWindowGlobal is null
Stack: isChannelFromSystemPrincipal@resource://devtools/server/actors/network-monitor/utils/network-utils.js:97:1
exports.createNetworkEvent@resource://devtools/server/actors/network-monitor/utils/network-utils.js:186:33
_createNetworkEvent@resource://devtools/server/actors/network-monitor/network-observer.js:729:32
_httpStopRequest@resource://devtools/server/actors/network-monitor/network-observer.js:356:14
exports.makeInfallible/<@resource://devtools/shared/ThreadSafeDevToolsUtils.js:103:22
Line: 97, column: 1
console.error: (new TypeError("browsingContext.currentWindowGlobal is null", "resource://devtools/server/actors/network-monitor/utils/network-utils.js", 97))
console.warn: "Listener for event 'frame' did not return a promise."
console.warn: "Listener for event 'frame' did not return a promise."
[Child 2557, MediaDecoderStateMachine #2] WARNING: Decoder=7f4e0d96a400 state=DECODING_METADATA Decode metadata failed, shutting down decoder: file /builds/worker/checkouts/gecko/dom/media/MediaDecoderStateMachine.cpp:370
[Child 2557, MediaDecoderStateMachine #2] WARNING: Decoder=7f4e0d96a400 Decode error: NS_ERROR_DOM_MEDIA_METADATA_ERR (0x806e0006): file /builds/worker/checkouts/gecko/dom/media/MediaDecoderStateMachineBase.cpp:151
console.error: (new TypeError("container.node.targetFront is null", "resource://devtools/client/inspector/markup/markup.js", 2353))
console.error: (new TypeError("container.node.targetFront is null", "resource://devtools/client/inspector/markup/markup.js", 2353))
console.warn: "Listener for event 'frame' did not return a promise."
console.warn: "Listener for event 'frame' did not return a promise."
console.warn: "Listener for event 'frame' did not return a promise."
console.error: (new TypeError("currentNode is null", "resource://devtools/client/inspector/shared/style-change-tracker.js", 66))
TypeError: currentNode is null: canMutationImpactCurrentStyles@resource://devtools/client/inspector/shared/style-change-tracker.js:66:20
onMutations@resource://devtools/client/inspector/shared/style-change-tracker.js:84:41
_emit@resource://devtools/shared/event-emitter.js:242:32
emit@resource://devtools/shared/event-emitter.js:186:18
emit@resource://devtools/shared/event-emitter.js:330:18
getMutations@resource://devtools/client/fronts/walker.js:313:10

console.error: "Unable to find target with innerWindowId:4294967441"
console.error: "Unable to find target with innerWindowId:4294967441"
Handler function threw an exception: TypeError: browsingContext.currentWindowGlobal is null
Stack: isChannelFromSystemPrincipal@resource://devtools/server/actors/network-monitor/utils/network-utils.js:97:1
exports.createNetworkEvent@resource://devtools/server/actors/network-monitor/utils/network-utils.js:186:33
_createNetworkEvent@resource://devtools/server/actors/network-monitor/network-observer.js:729:32
_onRequestHeader@resource://devtools/server/actors/network-monitor/network-observer.js:775:10
NetworkObserver.prototype.observeActivity<@resource://devtools/server/actors/network-monitor/network-observer.js:656:12
exports.makeInfallible/<@resource://devtools/shared/ThreadSafeDevToolsUtils.js:103:22
Line: 97, column: 1
console.error: (new TypeError("browsingContext.currentWindowGlobal is null", "resource://devtools/server/actors/network-monitor/utils/network-utils.js", 97))
Handler function threw an exception: TypeError: httpActivity.owner is null
Stack: _onResponseHeader@resource://devtools/server/actors/network-monitor/network-observer.js:1037:5
_dispatchActivity@resource://devtools/server/actors/network-monitor/network-observer.js:577:14
NetworkObserver.prototype.observeActivity<@resource://devtools/server/actors/network-monitor/network-observer.js:686:12
exports.makeInfallible/<@resource://devtools/shared/ThreadSafeDevToolsUtils.js:103:22
Line: 1037, column: 5
console.error: (new TypeError("httpActivity.owner is null", "resource://devtools/server/actors/network-monitor/network-observer.js", 1037))
Handler function _httpStopRequest threw an exception: TypeError: browsingContext.currentWindowGlobal is null
Stack: isChannelFromSystemPrincipal@resource://devtools/server/actors/network-monitor/utils/network-utils.js:97:1
exports.createNetworkEvent@resource://devtools/server/actors/network-monitor/utils/network-utils.js:186:33
_createNetworkEvent@resource://devtools/server/actors/network-monitor/network-observer.js:729:32
_httpStopRequest@resource://devtools/server/actors/network-monitor/network-observer.js:356:14
exports.makeInfallible/<@resource://devtools/shared/ThreadSafeDevToolsUtils.js:103:22
Line: 97, column: 1
console.error: (new TypeError("browsingContext.currentWindowGlobal is null", "resource://devtools/server/actors/network-monitor/utils/network-utils.js", 97))
console.warn: "Listener for event 'frame' did not return a promise."
console.warn: "Listener for event 'frame' did not return a promise."
[Child 2557, MediaDecoderStateMachine #4] WARNING: Decoder=7f4e0f996300 state=DECODING_METADATA Decode metadata failed, shutting down decoder: file /builds/worker/checkouts/gecko/dom/media/MediaDecoderStateMachine.cpp:370
[Child 2557, MediaDecoderStateMachine #4] WARNING: Decoder=7f4e0f996300 Decode error: NS_ERROR_DOM_MEDIA_METADATA_ERR (0x806e0006): file /builds/worker/checkouts/gecko/dom/media/MediaDecoderStateMachineBase.cpp:151
console.error: (new TypeError("currentNode is null", "resource://devtools/client/inspector/shared/style-change-tracker.js", 66))
TypeError: currentNode is null: canMutationImpactCurrentStyles@resource://devtools/client/inspector/shared/style-change-tracker.js:66:20
onMutations@resource://devtools/client/inspector/shared/style-change-tracker.js:84:41
_emit@resource://devtools/shared/event-emitter.js:242:32
emit@resource://devtools/shared/event-emitter.js:186:18
emit@resource://devtools/shared/event-emitter.js:330:18
getMutations@resource://devtools/client/fronts/walker.js:313:10

console.warn: "Listener for event 'frame' did not return a promise."
Handler function threw an exception: TypeError: browsingContext.currentWindowGlobal is null
Stack: isChannelFromSystemPrincipal@resource://devtools/server/actors/network-monitor/utils/network-utils.js:97:1
exports.createNetworkEvent@resource://devtools/server/actors/network-monitor/utils/network-utils.js:186:33
_createNetworkEvent@resource://devtools/server/actors/network-monitor/network-observer.js:729:32
_onRequestHeader@resource://devtools/server/actors/network-monitor/network-observer.js:775:10
NetworkObserver.prototype.observeActivity<@resource://devtools/server/actors/network-monitor/network-observer.js:656:12
exports.makeInfallible/<@resource://devtools/shared/ThreadSafeDevToolsUtils.js:103:22
Line: 97, column: 1
console.error: (new TypeError("browsingContext.currentWindowGlobal is null", "resource://devtools/server/actors/network-monitor/utils/network-utils.js", 97))
Handler function threw an exception: TypeError: httpActivity.owner is null
Stack: _onResponseHeader@resource://devtools/server/actors/network-monitor/network-observer.js:1037:5
_dispatchActivity@resource://devtools/server/actors/network-monitor/network-observer.js:577:14
NetworkObserver.prototype.observeActivity<@resource://devtools/server/actors/network-monitor/network-observer.js:686:12
exports.makeInfallible/<@resource://devtools/shared/ThreadSafeDevToolsUtils.js:103:22
Line: 1037, column: 5
console.error: (new TypeError("httpActivity.owner is null", "resource://devtools/server/actors/network-monitor/network-observer.js", 1037))
Handler function _httpStopRequest threw an exception: TypeError: browsingContext.currentWindowGlobal is null
Stack: isChannelFromSystemPrincipal@resource://devtools/server/actors/network-monitor/utils/network-utils.js:97:1
exports.createNetworkEvent@resource://devtools/server/actors/network-monitor/utils/network-utils.js:186:33
_createNetworkEvent@resource://devtools/server/actors/network-monitor/network-observer.js:729:32
_httpStopRequest@resource://devtools/server/actors/network-monitor/network-observer.js:356:14
exports.makeInfallible/<@resource://devtools/shared/ThreadSafeDevToolsUtils.js:103:22
Line: 97, column: 1
console.error: (new TypeError("browsingContext.currentWindowGlobal is null", "resource://devtools/server/actors/network-monitor/utils/network-utils.js", 97))
console.warn: "Listener for event 'frame' did not return a promise."
console.warn: "Listener for event 'frame' did not return a promise."
console.warn: "Listener for event 'frame' did not return a promise."
console.warn: "Listener for event 'frame' did not return a promise."
console.warn: "Listener for event 'frame' did not return a promise."
console.warn: "Listener for event 'frame' did not return a promise."
[Child 2557, MediaDecoderStateMachine #4] WARNING: Decoder=7f4bfa8ae700 state=DECODING_METADATA Decode metadata failed, shutting down decoder: file /builds/worker/checkouts/gecko/dom/media/MediaDecoderStateMachine.cpp:370
[Child 2557, MediaDecoderStateMachine #4] WARNING: Decoder=7f4bfa8ae700 Decode error: NS_ERROR_DOM_MEDIA_METADATA_ERR (0x806e0006): file /builds/worker/checkouts/gecko/dom/media/MediaDecoderStateMachineBase.cpp:151
Handler function threw an exception: TypeError: browsingContext.currentWindowGlobal is null
Stack: isChannelFromSystemPrincipal@resource://devtools/server/actors/network-monitor/utils/network-utils.js:97:1
exports.createNetworkEvent@resource://devtools/server/actors/network-monitor/utils/network-utils.js:186:33
_createNetworkEvent@resource://devtools/server/actors/network-monitor/network-observer.js:729:32
_onRequestHeader@resource://devtools/server/actors/network-monitor/network-observer.js:775:10
NetworkObserver.prototype.observeActivity<@resource://devtools/server/actors/network-monitor/network-observer.js:656:12
exports.makeInfallible/<@resource://devtools/shared/ThreadSafeDevToolsUtils.js:103:22
Line: 97, column: 1
console.error: (new TypeError("browsingContext.currentWindowGlobal is null", "resource://devtools/server/actors/network-monitor/utils/network-utils.js", 97))
Handler function threw an exception: TypeError: httpActivity.owner is null
Stack: _onResponseHeader@resource://devtools/server/actors/network-monitor/network-observer.js:1037:5
_dispatchActivity@resource://devtools/server/actors/network-monitor/network-observer.js:577:14
NetworkObserver.prototype.observeActivity<@resource://devtools/server/actors/network-monitor/network-observer.js:686:12
exports.makeInfallible/<@resource://devtools/shared/ThreadSafeDevToolsUtils.js:103:22
Line: 1037, column: 5
console.error: (new TypeError("httpActivity.owner is null", "resource://devtools/server/actors/network-monitor/network-observer.js", 1037))
Handler function _httpStopRequest threw an exception: TypeError: browsingContext.currentWindowGlobal is null
Stack: isChannelFromSystemPrincipal@resource://devtools/server/actors/network-monitor/utils/network-utils.js:97:1
exports.createNetworkEvent@resource://devtools/server/actors/network-monitor/utils/network-utils.js:186:33
_createNetworkEvent@resource://devtools/server/actors/network-monitor/network-observer.js:729:32
_httpStopRequest@resource://devtools/server/actors/network-monitor/network-observer.js:356:14
exports.makeInfallible/<@resource://devtools/shared/ThreadSafeDevToolsUtils.js:103:22
Line: 97, column: 1
console.error: (new TypeError("browsingContext.currentWindowGlobal is null", "resource://devtools/server/actors/network-monitor/utils/network-utils.js", 97))
console.warn: "Listener for event 'frame' did not return a promise."
console.warn: "Listener for event 'frame' did not return a promise."
console.warn: "Listener for event 'frame' did not return a promise."
console.warn: "Listener for event 'frame' did not return a promise."
[Child 2557, MediaDecoderStateMachine #5] WARNING: Decoder=7f4e002f6400 state=DECODING_METADATA Decode metadata failed, shutting down decoder: file /builds/worker/checkouts/gecko/dom/media/MediaDecoderStateMachine.cpp:370
[Child 2557, MediaDecoderStateMachine #5] WARNING: Decoder=7f4e002f6400 Decode error: NS_ERROR_DOM_MEDIA_METADATA_ERR (0x806e0006): file /builds/worker/checkouts/gecko/dom/media/MediaDecoderStateMachineBase.cpp:151
console.error: (new TypeError("currentNode is null", "resource://devtools/client/inspector/shared/style-change-tracker.js", 66))
TypeError: currentNode is null: canMutationImpactCurrentStyles@resource://devtools/client/inspector/shared/style-change-tracker.js:66:20
onMutations@resource://devtools/client/inspector/shared/style-change-tracker.js:84:41
_emit@resource://devtools/shared/event-emitter.js:242:32
emit@resource://devtools/shared/event-emitter.js:186:18
emit@resource://devtools/shared/event-emitter.js:330:18
getMutations@resource://devtools/client/fronts/walker.js:313:10

console.error: (new TypeError("currentNode is null", "resource://devtools/client/inspector/shared/style-change-tracker.js", 66))
TypeError: currentNode is null: canMutationImpactCurrentStyles@resource://devtools/client/inspector/shared/style-change-tracker.js:66:20
onMutations@resource://devtools/client/inspector/shared/style-change-tracker.js:84:41
_emit@resource://devtools/shared/event-emitter.js:242:32
emit@resource://devtools/shared/event-emitter.js:186:18
emit@resource://devtools/shared/event-emitter.js:330:18
getMutations@resource://devtools/client/fronts/walker.js:313:10

Handler function threw an exception: TypeError: browsingContext.currentWindowGlobal is null
Stack: isChannelFromSystemPrincipal@resource://devtools/server/actors/network-monitor/utils/network-utils.js:97:1
exports.createNetworkEvent@resource://devtools/server/actors/network-monitor/utils/network-utils.js:186:33
_createNetworkEvent@resource://devtools/server/actors/network-monitor/network-observer.js:729:32
_onRequestHeader@resource://devtools/server/actors/network-monitor/network-observer.js:775:10
NetworkObserver.prototype.observeActivity<@resource://devtools/server/actors/network-monitor/network-observer.js:656:12
exports.makeInfallible/<@resource://devtools/shared/ThreadSafeDevToolsUtils.js:103:22
Line: 97, column: 1
console.error: (new TypeError("browsingContext.currentWindowGlobal is null", "resource://devtools/server/actors/network-monitor/utils/network-utils.js", 97))
console.warn: "Listener for event 'frame' did not return a promise."
Handler function threw an exception: TypeError: httpActivity.owner is null
Stack: _onResponseHeader@resource://devtools/server/actors/network-monitor/network-observer.js:1037:5
_dispatchActivity@resource://devtools/server/actors/network-monitor/network-observer.js:577:14
NetworkObserver.prototype.observeActivity<@resource://devtools/server/actors/network-monitor/network-observer.js:686:12
exports.makeInfallible/<@resource://devtools/shared/ThreadSafeDevToolsUtils.js:103:22
Line: 1037, column: 5
console.error: (new TypeError("httpActivity.owner is null", "resource://devtools/server/actors/network-monitor/network-observer.js", 1037))
Handler function _httpStopRequest threw an exception: TypeError: browsingContext.currentWindowGlobal is null
Stack: isChannelFromSystemPrincipal@resource://devtools/server/actors/network-monitor/utils/network-utils.js:97:1
exports.createNetworkEvent@resource://devtools/server/actors/network-monitor/utils/network-utils.js:186:33
_createNetworkEvent@resource://devtools/server/actors/network-monitor/network-observer.js:729:32
_httpStopRequest@resource://devtools/server/actors/network-monitor/network-observer.js:356:14
exports.makeInfallible/<@resource://devtools/shared/ThreadSafeDevToolsUtils.js:103:22
Line: 97, column: 1
console.error: (new TypeError("browsingContext.currentWindowGlobal is null", "resource://devtools/server/actors/network-monitor/utils/network-utils.js", 97))
console.warn: "Listener for event 'frame' did not return a promise."
console.warn: "Listener for event 'frame' did not return a promise."
console.warn: "Listener for event 'frame' did not return a promise."
console.warn: "Listener for event 'frame' did not return a promise."
console.warn: "Listener for event 'frame' did not return a promise."
console.warn: "Listener for event 'frame' did not return a promise."
console.error: (new TypeError("currentNode is null", "resource://devtools/client/inspector/shared/style-change-tracker.js", 66))
TypeError: currentNode is null: canMutationImpactCurrentStyles@resource://devtools/client/inspector/shared/style-change-tracker.js:66:20
onMutations@resource://devtools/client/inspector/shared/style-change-tracker.js:84:41
_emit@resource://devtools/shared/event-emitter.js:242:32
emit@resource://devtools/shared/event-emitter.js:186:18
emit@resource://devtools/shared/event-emitter.js:330:18
getMutations@resource://devtools/client/fronts/walker.js:313:10

console.error: (new TypeError("currentNode is null", "resource://devtools/client/inspector/shared/style-change-tracker.js", 66))
TypeError: currentNode is null: canMutationImpactCurrentStyles@resource://devtools/client/inspector/shared/style-change-tracker.js:66:20
onMutations@resource://devtools/client/inspector/shared/style-change-tracker.js:84:41
_emit@resource://devtools/shared/event-emitter.js:242:32
emit@resource://devtools/shared/event-emitter.js:186:18
emit@resource://devtools/shared/event-emitter.js:330:18
getMutations@resource://devtools/client/fronts/walker.js:313:10

console.error: "Unable to find target with innerWindowId:4294967491"
console.error: "Unable to find target with innerWindowId:4294967491"
console.error: "Unable to find target with innerWindowId:4294967491"
console.error: "Unable to find target with innerWindowId:4294967491"
console.error: "Unable to find target with innerWindowId:4294967491"
console.error: "Unable to find target with innerWindowId:4294967491"
console.error: "Unable to find target with innerWindowId:4294967491"
console.error: "Unable to find target with innerWindowId:4294967491"
console.error: "Unable to find target with innerWindowId:4294967491"
console.error: "Unable to find target with innerWindowId:4294967491"
console.error: "Unable to find target with innerWindowId:4294967491"
console.error: "Unable to find target with innerWindowId:4294967491"
console.error: "Unable to find target with innerWindowId:4294967491"
console.error: "Unable to find target with innerWindowId:4294967491"
console.error: "Unable to find target with innerWindowId:4294967491"
console.error: "Unable to find target with innerWindowId:4294967491"
console.error: "Unable to find target with innerWindowId:4294967491"
console.error: "Unable to find target with innerWindowId:4294967491"
console.error: "Unable to find target with innerWindowId:4294967491"
console.error: "Unable to find target with innerWindowId:4294967491"
console.error: "Unable to find target with innerWindowId:4294967491"
console.error: "Unable to find target with innerWindowId:4294967491"
console.error: "Unable to find target with innerWindowId:4294967491"
console.error: "Unable to find target with innerWindowId:4294967491"
console.error: "Unable to find target with innerWindowId:4294967491"
console.error: "Unable to find target with innerWindowId:4294967491"
console.error: "Unable to find target with innerWindowId:4294967491"
console.error: "Unable to find target with innerWindowId:4294967491"
console.error: "Unable to find target with innerWindowId:4294967491"
console.error: "Unable to find target with innerWindowId:4294967491"
console.error: "Unable to find target with innerWindowId:4294967491"
console.error: "Unable to find target with innerWindowId:4294967491"
Handler function threw an exception: TypeError: browsingContext.currentWindowGlobal is null
Stack: isChannelFromSystemPrincipal@resource://devtools/server/actors/network-monitor/utils/network-utils.js:97:1
exports.createNetworkEvent@resource://devtools/server/actors/network-monitor/utils/network-utils.js:186:33
_createNetworkEvent@resource://devtools/server/actors/network-monitor/network-observer.js:729:32
_onRequestHeader@resource://devtools/server/actors/network-monitor/network-observer.js:775:10
NetworkObserver.prototype.observeActivity<@resource://devtools/server/actors/network-monitor/network-observer.js:656:12
exports.makeInfallible/<@resource://devtools/shared/ThreadSafeDevToolsUtils.js:103:22
Line: 97, column: 1
console.error: (new TypeError("browsingContext.currentWindowGlobal is null", "resource://devtools/server/actors/network-monitor/utils/network-utils.js", 97))
Handler function threw an exception: TypeError: httpActivity.owner is null
Stack: _onResponseHeader@resource://devtools/server/actors/network-monitor/network-observer.js:1037:5
_dispatchActivity@resource://devtools/server/actors/network-monitor/network-observer.js:577:14
NetworkObserver.prototype.observeActivity<@resource://devtools/server/actors/network-monitor/network-observer.js:686:12
exports.makeInfallible/<@resource://devtools/shared/ThreadSafeDevToolsUtils.js:103:22
Line: 1037, column: 5
console.error: (new TypeError("httpActivity.owner is null", "resource://devtools/server/actors/network-monitor/network-observer.js", 1037))
Handler function _httpStopRequest threw an exception: TypeError: browsingContext.currentWindowGlobal is null
Stack: isChannelFromSystemPrincipal@resource://devtools/server/actors/network-monitor/utils/network-utils.js:97:1
exports.createNetworkEvent@resource://devtools/server/actors/network-monitor/utils/network-utils.js:186:33
_createNetworkEvent@resource://devtools/server/actors/network-monitor/network-observer.js:729:32
_httpStopRequest@resource://devtools/server/actors/network-monitor/network-observer.js:356:14
exports.makeInfallible/<@resource://devtools/shared/ThreadSafeDevToolsUtils.js:103:22
Line: 97, column: 1
console.error: (new TypeError("browsingContext.currentWindowGlobal is null", "resource://devtools/server/actors/network-monitor/utils/network-utils.js", 97))
Handler function threw an exception: TypeError: browsingContext.currentWindowGlobal is null
Stack: isChannelFromSystemPrincipal@resource://devtools/server/actors/network-monitor/utils/network-utils.js:97:1
exports.createNetworkEvent@resource://devtools/server/actors/network-monitor/utils/network-utils.js:186:33
_createNetworkEvent@resource://devtools/server/actors/network-monitor/network-observer.js:729:32
_onRequestHeader@resource://devtools/server/actors/network-monitor/network-observer.js:775:10
NetworkObserver.prototype.observeActivity<@resource://devtools/server/actors/network-monitor/network-observer.js:656:12
exports.makeInfallible/<@resource://devtools/shared/ThreadSafeDevToolsUtils.js:103:22
Line: 97, column: 1
console.error: (new TypeError("browsingContext.currentWindowGlobal is null", "resource://devtools/server/actors/network-monitor/utils/network-utils.js", 97))
Handler function threw an exception: TypeError: httpActivity.owner is null
Stack: _onResponseHeader@resource://devtools/server/actors/network-monitor/network-observer.js:1037:5
_dispatchActivity@resource://devtools/server/actors/network-monitor/network-observer.js:577:14
NetworkObserver.prototype.observeActivity<@resource://devtools/server/actors/network-monitor/network-observer.js:686:12
exports.makeInfallible/<@resource://devtools/shared/ThreadSafeDevToolsUtils.js:103:22
Line: 1037, column: 5
console.error: (new TypeError("httpActivity.owner is null", "resource://devtools/server/actors/network-monitor/network-observer.js", 1037))
Handler function _httpStopRequest threw an exception: TypeError: browsingContext.currentWindowGlobal is null
Stack: isChannelFromSystemPrincipal@resource://devtools/server/actors/network-monitor/utils/network-utils.js:97:1
exports.createNetworkEvent@resource://devtools/server/actors/network-monitor/utils/network-utils.js:186:33
_createNetworkEvent@resource://devtools/server/actors/network-monitor/network-observer.js:729:32
_httpStopRequest@resource://devtools/server/actors/network-monitor/network-observer.js:356:14
exports.makeInfallible/<@resource://devtools/shared/ThreadSafeDevToolsUtils.js:103:22
Line: 97, column: 1
console.error: (new TypeError("browsingContext.currentWindowGlobal is null", "resource://devtools/server/actors/network-monitor/utils/network-utils.js", 97))
console.warn: "Listener for event 'frame' did not return a promise."
console.warn: "Listener for event 'frame' did not return a promise."
console.warn: "Listener for event 'frame' did not return a promise."
console.warn: "Listener for event 'frame' did not return a promise."
console.warn: "Listener for event 'frame' did not return a promise."
console.warn: "Listener for event 'frame' did not return a promise."
console.error: (new TypeError("currentNode is null", "resource://devtools/client/inspector/shared/style-change-tracker.js", 66))
TypeError: currentNode is null: canMutationImpactCurrentStyles@resource://devtools/client/inspector/shared/style-change-tracker.js:66:20
onMutations@resource://devtools/client/inspector/shared/style-change-tracker.js:84:41
_emit@resource://devtools/shared/event-emitter.js:242:32
emit@resource://devtools/shared/event-emitter.js:186:18
emit@resource://devtools/shared/event-emitter.js:330:18
getMutations@resource://devtools/client/fronts/walker.js:313:10

Handler function threw an exception: TypeError: browsingContext.currentWindowGlobal is null
Stack: isChannelFromSystemPrincipal@resource://devtools/server/actors/network-monitor/utils/network-utils.js:97:1
exports.createNetworkEvent@resource://devtools/server/actors/network-monitor/utils/network-utils.js:186:33
_createNetworkEvent@resource://devtools/server/actors/network-monitor/network-observer.js:729:32
_onRequestHeader@resource://devtools/server/actors/network-monitor/network-observer.js:775:10
NetworkObserver.prototype.observeActivity<@resource://devtools/server/actors/network-monitor/network-observer.js:656:12
exports.makeInfallible/<@resource://devtools/shared/ThreadSafeDevToolsUtils.js:103:22
Line: 97, column: 1
console.error: (new TypeError("browsingContext.currentWindowGlobal is null", "resource://devtools/server/actors/network-monitor/utils/network-utils.js", 97))
Handler function threw an exception: TypeError: httpActivity.owner is null
Stack: _onResponseHeader@resource://devtools/server/actors/network-monitor/network-observer.js:1037:5
_dispatchActivity@resource://devtools/server/actors/network-monitor/network-observer.js:577:14
NetworkObserver.prototype.observeActivity<@resource://devtools/server/actors/network-monitor/network-observer.js:686:12
exports.makeInfallible/<@resource://devtools/shared/ThreadSafeDevToolsUtils.js:103:22
Line: 1037, column: 5
console.error: (new TypeError("httpActivity.owner is null", "resource://devtools/server/actors/network-monitor/network-observer.js", 1037))
Handler function _httpStopRequest threw an exception: TypeError: browsingContext.currentWindowGlobal is null
Stack: isChannelFromSystemPrincipal@resource://devtools/server/actors/network-monitor/utils/network-utils.js:97:1
exports.createNetworkEvent@resource://devtools/server/actors/network-monitor/utils/network-utils.js:186:33
_createNetworkEvent@resource://devtools/server/actors/network-monitor/network-observer.js:729:32
_httpStopRequest@resource://devtools/server/actors/network-monitor/network-observer.js:356:14
exports.makeInfallible/<@resource://devtools/shared/ThreadSafeDevToolsUtils.js:103:22
Line: 97, column: 1
console.error: (new TypeError("browsingContext.currentWindowGlobal is null", "resource://devtools/server/actors/network-monitor/utils/network-utils.js", 97))
console.warn: "Listener for event 'frame' did not return a promise."
console.warn: "Listener for event 'frame' did not return a promise."
console.warn: "Listener for event 'frame' did not return a promise."
console.warn: "Listener for event 'frame' did not return a promise."
console.warn: "Listener for event 'frame' did not return a promise."
console.warn: "Listener for event 'frame' did not return a promise."
console.error: (new TypeError("currentNode is null", "resource://devtools/client/inspector/shared/style-change-tracker.js", 66))
TypeError: currentNode is null: canMutationImpactCurrentStyles@resource://devtools/client/inspector/shared/style-change-tracker.js:66:20
onMutations@resource://devtools/client/inspector/shared/style-change-tracker.js:84:41
_emit@resource://devtools/shared/event-emitter.js:242:32
emit@resource://devtools/shared/event-emitter.js:186:18
emit@resource://devtools/shared/event-emitter.js:330:18
getMutations@resource://devtools/client/fronts/walker.js:313:10

[Child 2557, MediaDecoderStateMachine #5] WARNING: Decoder=7f4bf9f63800 state=DECODING_METADATA Decode metadata failed, shutting down decoder: file /builds/worker/checkouts/gecko/dom/media/MediaDecoderStateMachine.cpp:370
[Child 2557, MediaDecoderStateMachine #5] WARNING: Decoder=7f4bf9f63800 Decode error: NS_ERROR_DOM_MEDIA_METADATA_ERR (0x806e0006): file /builds/worker/checkouts/gecko/dom/media/MediaDecoderStateMachineBase.cpp:151
console.error: "Unable to find target with innerWindowId:4294967523"
console.error: "Unable to find target with innerWindowId:4294967523"
console.error: "Unable to find target with innerWindowId:4294967523"
console.error: "Unable to find target with innerWindowId:4294967523"
Handler function threw an exception: TypeError: browsingContext.currentWindowGlobal is null
Stack: isChannelFromSystemPrincipal@resource://devtools/server/actors/network-monitor/utils/network-utils.js:97:1
exports.createNetworkEvent@resource://devtools/server/actors/network-monitor/utils/network-utils.js:186:33
_createNetworkEvent@resource://devtools/server/actors/network-monitor/network-observer.js:729:32
_onRequestHeader@resource://devtools/server/actors/network-monitor/network-observer.js:775:10
NetworkObserver.prototype.observeActivity<@resource://devtools/server/actors/network-monitor/network-observer.js:656:12
exports.makeInfallible/<@resource://devtools/shared/ThreadSafeDevToolsUtils.js:103:22
Line: 97, column: 1
console.error: (new TypeError("browsingContext.currentWindowGlobal is null", "resource://devtools/server/actors/network-monitor/utils/network-utils.js", 97))
Handler function threw an exception: TypeError: httpActivity.owner is null
Stack: _onResponseHeader@resource://devtools/server/actors/network-monitor/network-observer.js:1037:5
_dispatchActivity@resource://devtools/server/actors/network-monitor/network-observer.js:577:14
NetworkObserver.prototype.observeActivity<@resource://devtools/server/actors/network-monitor/network-observer.js:686:12
exports.makeInfallible/<@resource://devtools/shared/ThreadSafeDevToolsUtils.js:103:22
Line: 1037, column: 5
console.error: (new TypeError("httpActivity.owner is null", "resource://devtools/server/actors/network-monitor/network-observer.js", 1037))
Handler function _httpStopRequest threw an exception: TypeError: browsingContext.currentWindowGlobal is null
Stack: isChannelFromSystemPrincipal@resource://devtools/server/actors/network-monitor/utils/network-utils.js:97:1
exports.createNetworkEvent@resource://devtools/server/actors/network-monitor/utils/network-utils.js:186:33
_createNetworkEvent@resource://devtools/server/actors/network-monitor/network-observer.js:729:32
_httpStopRequest@resource://devtools/server/actors/network-monitor/network-observer.js:356:14
exports.makeInfallible/<@resource://devtools/shared/ThreadSafeDevToolsUtils.js:103:22
Line: 97, column: 1
console.error: (new TypeError("browsingContext.currentWindowGlobal is null", "resource://devtools/server/actors/network-monitor/utils/network-utils.js", 97))
console.warn: "Listener for event 'frame' did not return a promise."
Handler function threw an exception: TypeError: browsingContext.currentWindowGlobal is null
Stack: isChannelFromSystemPrincipal@resource://devtools/server/actors/network-monitor/utils/network-utils.js:97:1
exports.createNetworkEvent@resource://devtools/server/actors/network-monitor/utils/network-utils.js:186:33
_createNetworkEvent@resource://devtools/server/actors/network-monitor/network-observer.js:729:32
_onRequestHeader@resource://devtools/server/actors/network-monitor/network-observer.js:775:10
NetworkObserver.prototype.observeActivity<@resource://devtools/server/actors/network-monitor/network-observer.js:656:12
exports.makeInfallible/<@resource://devtools/shared/ThreadSafeDevToolsUtils.js:103:22
Line: 97, column: 1
console.error: (new TypeError("browsingContext.currentWindowGlobal is null", "resource://devtools/server/actors/network-monitor/utils/network-utils.js", 97))
Handler function threw an exception: TypeError: httpActivity.owner is null
Stack: _onResponseHeader@resource://devtools/server/actors/network-monitor/network-observer.js:1037:5
_dispatchActivity@resource://devtools/server/actors/network-monitor/network-observer.js:577:14
NetworkObserver.prototype.observeActivity<@resource://devtools/server/actors/network-monitor/network-observer.js:686:12
exports.makeInfallible/<@resource://devtools/shared/ThreadSafeDevToolsUtils.js:103:22
Line: 1037, column: 5
console.error: (new TypeError("httpActivity.owner is null", "resource://devtools/server/actors/network-monitor/network-observer.js", 1037))
Handler function _httpStopRequest threw an exception: TypeError: browsingContext.currentWindowGlobal is null
Stack: isChannelFromSystemPrincipal@resource://devtools/server/actors/network-monitor/utils/network-utils.js:97:1
exports.createNetworkEvent@resource://devtools/server/actors/network-monitor/utils/network-utils.js:186:33
_createNetworkEvent@resource://devtools/server/actors/network-monitor/network-observer.js:729:32
_httpStopRequest@resource://devtools/server/actors/network-monitor/network-observer.js:356:14
exports.makeInfallible/<@resource://devtools/shared/ThreadSafeDevToolsUtils.js:103:22
Line: 97, column: 1
console.error: (new TypeError("browsingContext.currentWindowGlobal is null", "resource://devtools/server/actors/network-monitor/utils/network-utils.js", 97))
console.warn: "Listener for event 'frame' did not return a promise."
console.warn: "Listener for event 'frame' did not return a promise."
[Child 2557, MediaDecoderStateMachine #5] WARNING: Decoder=7f4bfbddfd00 state=DECODING_METADATA Decode metadata failed, shutting down decoder: file /builds/worker/checkouts/gecko/dom/media/MediaDecoderStateMachine.cpp:370
[Child 2557, MediaDecoderStateMachine #5] WARNING: Decoder=7f4bfbddfd00 Decode error: NS_ERROR_DOM_MEDIA_METADATA_ERR (0x806e0006): file /builds/worker/checkouts/gecko/dom/media/MediaDecoderStateMachineBase.cpp:151
JavaScript error: resource://gre/modules/XULStore.jsm, line 58: Error: Can't find profile directory.
JavaScript error: resource://gre/modules/XULStore.jsm, line 58: Error: Can't find profile directory.
console.error: "Unable to find target with innerWindowId:4294967545"
Handler function threw an exception: TypeError: browsingContext.currentWindowGlobal is null
Stack: isChannelFromSystemPrincipal@resource://devtools/server/actors/network-monitor/utils/network-utils.js:97:1
exports.createNetworkEvent@resource://devtools/server/actors/network-monitor/utils/network-utils.js:186:33
_createNetworkEvent@resource://devtools/server/actors/network-monitor/network-observer.js:729:32
_onRequestHeader@resource://devtools/server/actors/network-monitor/network-observer.js:775:10
NetworkObserver.prototype.observeActivity<@resource://devtools/server/actors/network-monitor/network-observer.js:656:12
exports.makeInfallible/<@resource://devtools/shared/ThreadSafeDevToolsUtils.js:103:22
Line: 97, column: 1
console.error: (new TypeError("browsingContext.currentWindowGlobal is null", "resource://devtools/server/actors/network-monitor/utils/network-utils.js", 97))
console.warn: "Listener for event 'frame' did not return a promise."
Handler function threw an exception: TypeError: httpActivity.owner is null
Stack: _onResponseHeader@resource://devtools/server/actors/network-monitor/network-observer.js:1037:5
_dispatchActivity@resource://devtools/server/actors/network-monitor/network-observer.js:577:14
NetworkObserver.prototype.observeActivity<@resource://devtools/server/actors/network-monitor/network-observer.js:686:12
exports.makeInfallible/<@resource://devtools/shared/ThreadSafeDevToolsUtils.js:103:22
Line: 1037, column: 5
console.error: (new TypeError("httpActivity.owner is null", "resource://devtools/server/actors/network-monitor/network-observer.js", 1037))
Handler function _httpStopRequest threw an exception: TypeError: browsingContext.currentWindowGlobal is null
Stack: isChannelFromSystemPrincipal@resource://devtools/server/actors/network-monitor/utils/network-utils.js:97:1
exports.createNetworkEvent@resource://devtools/server/actors/network-monitor/utils/network-utils.js:186:33
_createNetworkEvent@resource://devtools/server/actors/network-monitor/network-observer.js:729:32
_httpStopRequest@resource://devtools/server/actors/network-monitor/network-observer.js:356:14
exports.makeInfallible/<@resource://devtools/shared/ThreadSafeDevToolsUtils.js:103:22
Line: 97, column: 1
console.error: (new TypeError("browsingContext.currentWindowGlobal is null", "resource://devtools/server/actors/network-monitor/utils/network-utils.js", 97))
console.warn: "Listener for event 'frame' did not return a promise."
console.warn: "Listener for event 'frame' did not return a promise."
console.warn: "Listener for event 'frame' did not return a promise."
console.warn: "Listener for event 'frame' did not return a promise."
[Child 2557, MediaDecoderStateMachine #5] WARNING: Decoder=7f4bf906c200 state=DECODING_METADATA Decode metadata failed, shutting down decoder: file /builds/worker/checkouts/gecko/dom/media/MediaDecoderStateMachine.cpp:370
[Child 2557, MediaDecoderStateMachine #5] WARNING: Decoder=7f4bf906c200 Decode error: NS_ERROR_DOM_MEDIA_METADATA_ERR (0x806e0006): file /builds/worker/checkouts/gecko/dom/media/MediaDecoderStateMachineBase.cpp:151
console.warn: "Listener for event 'frame' did not return a promise."
Handler function threw an exception: TypeError: browsingContext.currentWindowGlobal is null
Stack: isChannelFromSystemPrincipal@resource://devtools/server/actors/network-monitor/utils/network-utils.js:97:1
exports.createNetworkEvent@resource://devtools/server/actors/network-monitor/utils/network-utils.js:186:33
_createNetworkEvent@resource://devtools/server/actors/network-monitor/network-observer.js:729:32
_onRequestHeader@resource://devtools/server/actors/network-monitor/network-observer.js:775:10
NetworkObserver.prototype.observeActivity<@resource://devtools/server/actors/network-monitor/network-observer.js:656:12
exports.makeInfallible/<@resource://devtools/shared/ThreadSafeDevToolsUtils.js:103:22
Line: 97, column: 1
console.error: (new TypeError("browsingContext.currentWindowGlobal is null", "resource://devtools/server/actors/network-monitor/utils/network-utils.js", 97))
Handler function threw an exception: TypeError: httpActivity.owner is null
Stack: _onResponseHeader@resource://devtools/server/actors/network-monitor/network-observer.js:1037:5
_dispatchActivity@resource://devtools/server/actors/network-monitor/network-observer.js:577:14
NetworkObserver.prototype.observeActivity<@resource://devtools/server/actors/network-monitor/network-observer.js:686:12
exports.makeInfallible/<@resource://devtools/shared/ThreadSafeDevToolsUtils.js:103:22
Line: 1037, column: 5
console.error: (new TypeError("httpActivity.owner is null", "resource://devtools/server/actors/network-monitor/network-observer.js", 1037))
Handler function _httpStopRequest threw an exception: TypeError: browsingContext.currentWindowGlobal is null
Stack: isChannelFromSystemPrincipal@resource://devtools/server/actors/network-monitor/utils/network-utils.js:97:1
exports.createNetworkEvent@resource://devtools/server/actors/network-monitor/utils/network-utils.js:186:33
_createNetworkEvent@resource://devtools/server/actors/network-monitor/network-observer.js:729:32
_httpStopRequest@resource://devtools/server/actors/network-monitor/network-observer.js:356:14
exports.makeInfallible/<@resource://devtools/shared/ThreadSafeDevToolsUtils.js:103:22
Line: 97, column: 1
console.error: (new TypeError("browsingContext.currentWindowGlobal is null", "resource://devtools/server/actors/network-monitor/utils/network-utils.js", 97))
console.warn: "Listener for event 'frame' did not return a promise."
console.warn: "Listener for event 'frame' did not return a promise."
[Child 2557, MediaDecoderStateMachine #5] WARNING: Decoder=7f4bf906bf00 state=DECODING_METADATA Decode metadata failed, shutting down decoder: file /builds/worker/checkouts/gecko/dom/media/MediaDecoderStateMachine.cpp:370
[Child 2557, MediaDecoderStateMachine #5] WARNING: Decoder=7f4bf906bf00 Decode error: NS_ERROR_DOM_MEDIA_METADATA_ERR (0x806e0006): file /builds/worker/checkouts/gecko/dom/media/MediaDecoderStateMachineBase.cpp:151
Handler function threw an exception: TypeError: browsingContext.currentWindowGlobal is null
Stack: isChannelFromSystemPrincipal@resource://devtools/server/actors/network-monitor/utils/network-utils.js:97:1
exports.createNetworkEvent@resource://devtools/server/actors/network-monitor/utils/network-utils.js:186:33
_createNetworkEvent@resource://devtools/server/actors/network-monitor/network-observer.js:729:32
_onRequestHeader@resource://devtools/server/actors/network-monitor/network-observer.js:775:10
NetworkObserver.prototype.observeActivity<@resource://devtools/server/actors/network-monitor/network-observer.js:656:12
exports.makeInfallible/<@resource://devtools/shared/ThreadSafeDevToolsUtils.js:103:22
Line: 97, column: 1
console.error: (new TypeError("browsingContext.currentWindowGlobal is null", "resource://devtools/server/actors/network-monitor/utils/network-utils.js", 97))
Handler function threw an exception: TypeError: httpActivity.owner is null
Stack: _onResponseHeader@resource://devtools/server/actors/network-monitor/network-observer.js:1037:5
_dispatchActivity@resource://devtools/server/actors/network-monitor/network-observer.js:577:14
NetworkObserver.prototype.observeActivity<@resource://devtools/server/actors/network-monitor/network-observer.js:686:12
exports.makeInfallible/<@resource://devtools/shared/ThreadSafeDevToolsUtils.js:103:22
Line: 1037, column: 5
console.error: (new TypeError("httpActivity.owner is null", "resource://devtools/server/actors/network-monitor/network-observer.js", 1037))
Handler function _httpStopRequest threw an exception: TypeError: browsingContext.currentWindowGlobal is null
Stack: isChannelFromSystemPrincipal@resource://devtools/server/actors/network-monitor/utils/network-utils.js:97:1
exports.createNetworkEvent@resource://devtools/server/actors/network-monitor/utils/network-utils.js:186:33
_createNetworkEvent@resource://devtools/server/actors/network-monitor/network-observer.js:729:32
_httpStopRequest@resource://devtools/server/actors/network-monitor/network-observer.js:356:14
exports.makeInfallible/<@resource://devtools/shared/ThreadSafeDevToolsUtils.js:103:22
Line: 97, column: 1
console.error: (new TypeError("browsingContext.currentWindowGlobal is null", "resource://devtools/server/actors/network-monitor/utils/network-utils.js", 97))
console.warn: "Listener for event 'frame' did not return a promise."
console.warn: "Listener for event 'frame' did not return a promise."
console.warn: "Listener for event 'frame' did not return a promise."
console.warn: "Listener for event 'frame' did not return a promise."
console.warn: "Listener for event 'frame' did not return a promise."
console.warn: "Listener for event 'frame' did not return a promise."
console.error: (new TypeError("currentNode is null", "resource://devtools/client/inspector/shared/style-change-tracker.js", 66))
TypeError: currentNode is null: canMutationImpactCurrentStyles@resource://devtools/client/inspector/shared/style-change-tracker.js:66:20
onMutations@resource://devtools/client/inspector/shared/style-change-tracker.js:84:41
_emit@resource://devtools/shared/event-emitter.js:242:32
emit@resource://devtools/shared/event-emitter.js:186:18
emit@resource://devtools/shared/event-emitter.js:330:18
getMutations@resource://devtools/client/fronts/walker.js:313:10

Handler function threw an exception: TypeError: browsingContext.currentWindowGlobal is null
Stack: isChannelFromSystemPrincipal@resource://devtools/server/actors/network-monitor/utils/network-utils.js:97:1
exports.createNetworkEvent@resource://devtools/server/actors/network-monitor/utils/network-utils.js:186:33
_createNetworkEvent@resource://devtools/server/actors/network-monitor/network-observer.js:729:32
_onRequestHeader@resource://devtools/server/actors/network-monitor/network-observer.js:775:10
NetworkObserver.prototype.observeActivity<@resource://devtools/server/actors/network-monitor/network-observer.js:656:12
exports.makeInfallible/<@resource://devtools/shared/ThreadSafeDevToolsUtils.js:103:22
Line: 97, column: 1
console.error: (new TypeError("browsingContext.currentWindowGlobal is null", "resource://devtools/server/actors/network-monitor/utils/network-utils.js", 97))
Handler function threw an exception: TypeError: httpActivity.owner is null
Stack: _onResponseHeader@resource://devtools/server/actors/network-monitor/network-observer.js:1037:5
_dispatchActivity@resource://devtools/server/actors/network-monitor/network-observer.js:577:14
NetworkObserver.prototype.observeActivity<@resource://devtools/server/actors/network-monitor/network-observer.js:686:12
exports.makeInfallible/<@resource://devtools/shared/ThreadSafeDevToolsUtils.js:103:22
Line: 1037, column: 5
console.error: (new TypeError("httpActivity.owner is null", "resource://devtools/server/actors/network-monitor/network-observer.js", 1037))
Handler function _httpStopRequest threw an exception: TypeError: browsingContext.currentWindowGlobal is null
Stack: isChannelFromSystemPrincipal@resource://devtools/server/actors/network-monitor/utils/network-utils.js:97:1
exports.createNetworkEvent@resource://devtools/server/actors/network-monitor/utils/network-utils.js:186:33
_createNetworkEvent@resource://devtools/server/actors/network-monitor/network-observer.js:729:32
_httpStopRequest@resource://devtools/server/actors/network-monitor/network-observer.js:356:14
exports.makeInfallible/<@resource://devtools/shared/ThreadSafeDevToolsUtils.js:103:22
Line: 97, column: 1
console.error: (new TypeError("browsingContext.currentWindowGlobal is null", "resource://devtools/server/actors/network-monitor/utils/network-utils.js", 97))
console.warn: "Listener for event 'frame' did not return a promise."
console.warn: "Listener for event 'frame' did not return a promise."
console.warn: "Listener for event 'frame' did not return a promise."
console.warn: "Listener for event 'frame' did not return a promise."
console.warn: "Listener for event 'frame' did not return a promise."
console.warn: "Listener for event 'frame' did not return a promise."
console.warn: "Listener for event 'frame' did not return a promise."
Handler function threw an exception: TypeError: browsingContext.currentWindowGlobal is null
Stack: isChannelFromSystemPrincipal@resource://devtools/server/actors/network-monitor/utils/network-utils.js:97:1
exports.createNetworkEvent@resource://devtools/server/actors/network-monitor/utils/network-utils.js:186:33
_createNetworkEvent@resource://devtools/server/actors/network-monitor/network-observer.js:729:32
_onRequestHeader@resource://devtools/server/actors/network-monitor/network-observer.js:775:10
NetworkObserver.prototype.observeActivity<@resource://devtools/server/actors/network-monitor/network-observer.js:656:12
exports.makeInfallible/<@resource://devtools/shared/ThreadSafeDevToolsUtils.js:103:22
Line: 97, column: 1
console.error: (new TypeError("browsingContext.currentWindowGlobal is null", "resource://devtools/server/actors/network-monitor/utils/network-utils.js", 97))
Handler function threw an exception: TypeError: httpActivity.owner is null
Stack: _onResponseHeader@resource://devtools/server/actors/network-monitor/network-observer.js:1037:5
_dispatchActivity@resource://devtools/server/actors/network-monitor/network-observer.js:577:14
NetworkObserver.prototype.observeActivity<@resource://devtools/server/actors/network-monitor/network-observer.js:686:12
exports.makeInfallible/<@resource://devtools/shared/ThreadSafeDevToolsUtils.js:103:22
Line: 1037, column: 5
console.error: (new TypeError("httpActivity.owner is null", "resource://devtools/server/actors/network-monitor/network-observer.js", 1037))
Handler function _httpStopRequest threw an exception: TypeError: browsingContext.currentWindowGlobal is null
Stack: isChannelFromSystemPrincipal@resource://devtools/server/actors/network-monitor/utils/network-utils.js:97:1
exports.createNetworkEvent@resource://devtools/server/actors/network-monitor/utils/network-utils.js:186:33
_createNetworkEvent@resource://devtools/server/actors/network-monitor/network-observer.js:729:32
_httpStopRequest@resource://devtools/server/actors/network-monitor/network-observer.js:356:14
exports.makeInfallible/<@resource://devtools/shared/ThreadSafeDevToolsUtils.js:103:22
Line: 97, column: 1
console.error: (new TypeError("browsingContext.currentWindowGlobal is null", "resource://devtools/server/actors/network-monitor/utils/network-utils.js", 97))
console.warn: "Listener for event 'frame' did not return a promise."
console.warn: "Listener for event 'frame' did not return a promise."
console.warn: "Listener for event 'frame' did not return a promise."
console.warn: "Listener for event 'frame' did not return a promise."
console.warn: "Listener for event 'frame' did not return a promise."
console.warn: "Listener for event 'frame' did not return a promise."
console.error: (new TypeError("currentNode is null", "resource://devtools/client/inspector/shared/style-change-tracker.js", 66))
TypeError: currentNode is null: canMutationImpactCurrentStyles@resource://devtools/client/inspector/shared/style-change-tracker.js:66:20
onMutations@resource://devtools/client/inspector/shared/style-change-tracker.js:84:41
_emit@resource://devtools/shared/event-emitter.js:242:32
emit@resource://devtools/shared/event-emitter.js:186:18
emit@resource://devtools/shared/event-emitter.js:330:18
getMutations@resource://devtools/client/fronts/walker.js:313:10

console.error: (new TypeError("currentNode is null", "resource://devtools/client/inspector/shared/style-change-tracker.js", 66))
TypeError: currentNode is null: canMutationImpactCurrentStyles@resource://devtools/client/inspector/shared/style-change-tracker.js:66:20
onMutations@resource://devtools/client/inspector/shared/style-change-tracker.js:84:41
_emit@resource://devtools/shared/event-emitter.js:242:32
emit@resource://devtools/shared/event-emitter.js:186:18
emit@resource://devtools/shared/event-emitter.js:330:18
getMutations@resource://devtools/client/fronts/walker.js:313:10

Handler function threw an exception: TypeError: browsingContext.currentWindowGlobal is null
Stack: isChannelFromSystemPrincipal@resource://devtools/server/actors/network-monitor/utils/network-utils.js:97:1
exports.createNetworkEvent@resource://devtools/server/actors/network-monitor/utils/network-utils.js:186:33
_createNetworkEvent@resource://devtools/server/actors/network-monitor/network-observer.js:729:32
_onRequestHeader@resource://devtools/server/actors/network-monitor/network-observer.js:775:10
NetworkObserver.prototype.observeActivity<@resource://devtools/server/actors/network-monitor/network-observer.js:656:12
exports.makeInfallible/<@resource://devtools/shared/ThreadSafeDevToolsUtils.js:103:22
Line: 97, column: 1
console.error: (new TypeError("browsingContext.currentWindowGlobal is null", "resource://devtools/server/actors/network-monitor/utils/network-utils.js", 97))
Handler function threw an exception: TypeError: httpActivity.owner is null
Stack: _onResponseHeader@resource://devtools/server/actors/network-monitor/network-observer.js:1037:5
_dispatchActivity@resource://devtools/server/actors/network-monitor/network-observer.js:577:14
NetworkObserver.prototype.observeActivity<@resource://devtools/server/actors/network-monitor/network-observer.js:686:12
exports.makeInfallible/<@resource://devtools/shared/ThreadSafeDevToolsUtils.js:103:22
Line: 1037, column: 5
console.error: (new TypeError("httpActivity.owner is null", "resource://devtools/server/actors/network-monitor/network-observer.js", 1037))
Handler function _httpStopRequest threw an exception: TypeError: browsingContext.currentWindowGlobal is null
Stack: isChannelFromSystemPrincipal@resource://devtools/server/actors/network-monitor/utils/network-utils.js:97:1
exports.createNetworkEvent@resource://devtools/server/actors/network-monitor/utils/network-utils.js:186:33
_createNetworkEvent@resource://devtools/server/actors/network-monitor/network-observer.js:729:32
_httpStopRequest@resource://devtools/server/actors/network-monitor/network-observer.js:356:14
exports.makeInfallible/<@resource://devtools/shared/ThreadSafeDevToolsUtils.js:103:22
Line: 97, column: 1
console.error: (new TypeError("browsingContext.currentWindowGlobal is null", "resource://devtools/server/actors/network-monitor/utils/network-utils.js", 97))
console.warn: "Listener for event 'frame' did not return a promise."
console.warn: "Listener for event 'frame' did not return a promise."
console.warn: "Listener for event 'frame' did not return a promise."
console.warn: "Listener for event 'frame' did not return a promise."
console.warn: "Listener for event 'frame' did not return a promise."
console.warn: "Listener for event 'frame' did not return a promise."
console.error: (new TypeError("currentNode is null", "resource://devtools/client/inspector/shared/style-change-tracker.js", 66))
TypeError: currentNode is null: canMutationImpactCurrentStyles@resource://devtools/client/inspector/shared/style-change-tracker.js:66:20
onMutations@resource://devtools/client/inspector/shared/style-change-tracker.js:84:41
_emit@resource://devtools/shared/event-emitter.js:242:32
emit@resource://devtools/shared/event-emitter.js:186:18
emit@resource://devtools/shared/event-emitter.js:330:18
getMutations@resource://devtools/client/fronts/walker.js:313:10

console.error: (new TypeError("currentNode is null", "resource://devtools/client/inspector/shared/style-change-tracker.js", 66))
TypeError: currentNode is null: canMutationImpactCurrentStyles@resource://devtools/client/inspector/shared/style-change-tracker.js:66:20
onMutations@resource://devtools/client/inspector/shared/style-change-tracker.js:84:41
_emit@resource://devtools/shared/event-emitter.js:242:32
emit@resource://devtools/shared/event-emitter.js:186:18
emit@resource://devtools/shared/event-emitter.js:330:18
getMutations@resource://devtools/client/fronts/walker.js:313:10

Handler function threw an exception: TypeError: browsingContext.currentWindowGlobal is null
Stack: isChannelFromSystemPrincipal@resource://devtools/server/actors/network-monitor/utils/network-utils.js:97:1
exports.createNetworkEvent@resource://devtools/server/actors/network-monitor/utils/network-utils.js:186:33
_createNetworkEvent@resource://devtools/server/actors/network-monitor/network-observer.js:729:32
_onRequestHeader@resource://devtools/server/actors/network-monitor/network-observer.js:775:10
NetworkObserver.prototype.observeActivity<@resource://devtools/server/actors/network-monitor/network-observer.js:656:12
exports.makeInfallible/<@resource://devtools/shared/ThreadSafeDevToolsUtils.js:103:22
Line: 97, column: 1
console.error: (new TypeError("browsingContext.currentWindowGlobal is null", "resource://devtools/server/actors/network-monitor/utils/network-utils.js", 97))
Handler function threw an exception: TypeError: httpActivity.owner is null
Stack: _onResponseHeader@resource://devtools/server/actors/network-monitor/network-observer.js:1037:5
_dispatchActivity@resource://devtools/server/actors/network-monitor/network-observer.js:577:14
NetworkObserver.prototype.observeActivity<@resource://devtools/server/actors/network-monitor/network-observer.js:686:12
exports.makeInfallible/<@resource://devtools/shared/ThreadSafeDevToolsUtils.js:103:22
Line: 1037, column: 5
console.error: (new TypeError("httpActivity.owner is null", "resource://devtools/server/actors/network-monitor/network-observer.js", 1037))
Handler function _httpStopRequest threw an exception: TypeError: browsingContext.currentWindowGlobal is null
Stack: isChannelFromSystemPrincipal@resource://devtools/server/actors/network-monitor/utils/network-utils.js:97:1
exports.createNetworkEvent@resource://devtools/server/actors/network-monitor/utils/network-utils.js:186:33
_createNetworkEvent@resource://devtools/server/actors/network-monitor/network-observer.js:729:32
_httpStopRequest@resource://devtools/server/actors/network-monitor/network-observer.js:356:14
exports.makeInfallible/<@resource://devtools/shared/ThreadSafeDevToolsUtils.js:103:22
Line: 97, column: 1
console.error: (new TypeError("browsingContext.currentWindowGlobal is null", "resource://devtools/server/actors/network-monitor/utils/network-utils.js", 97))
console.warn: "Listener for event 'frame' did not return a promise."
console.warn: "Listener for event 'frame' did not return a promise."
[Child 2557, MediaDecoderStateMachine #5] WARNING: Decoder=7f4deea90100 state=DECODING_METADATA Decode metadata failed, shutting down decoder: file /builds/worker/checkouts/gecko/dom/media/MediaDecoderStateMachine.cpp:370
[Child 2557, MediaDecoderStateMachine #5] WARNING: Decoder=7f4deea90100 Decode error: NS_ERROR_DOM_MEDIA_METADATA_ERR (0x806e0006): file /builds/worker/checkouts/gecko/dom/media/MediaDecoderStateMachineBase.cpp:151
1669089535658	geckodriver	INFO	Listening on 127.0.0.1:53187
1669089536202	mozrunner::runner	INFO	Running command: "/bin/firefox" "--marionette" "--remote-debugging-port" "37349" "--remote-allow-hosts" "localhost" "-no-remote" "-profile" "/tmp/rust_mozprofiledrYCnM"
ATTENTION: default value of option mesa_glthread overridden by environment.
ATTENTION: default value of option mesa_glthread overridden by environment.
ATTENTION: default value of option mesa_glthread overridden by environment.
ATTENTION: default value of option mesa_glthread overridden by environment.
1669089536625	Marionette	INFO	Marionette enabled
1669089536627	Marionette	INFO	Listening on port 33217
WebDriver BiDi listening on ws://127.0.0.1:37349
Read port: 33217
1669089536787	RemoteAgent	WARN	TLS certificate errors will be ignored for this session
console.warn: SearchSettings: "get: No settings file exists, new profile?" (new NotFoundError("Could not open the file at /tmp/rust_mozprofiledrYCnM/search.json.mozlz4", (void 0)))
DevTools listening on ws://127.0.0.1:37349/devtools/browser/04290651-114c-46e3-abee-6ce972d0565e
console.warn: LoginRecipes: "Falling back to a synchronous message for: https://ok.ru."
console.warn: LoginRecipes: "Falling back to a synchronous message for: https://ok.ru."
[Child 4752, MediaDecoderStateMachine #1] WARNING: Decoder=7f0caffea700 state=DECODING_METADATA Decode metadata failed, shutting down decoder: file /builds/worker/checkouts/gecko/dom/media/MediaDecoderStateMachine.cpp:370
[Child 4752, MediaDecoderStateMachine #1] WARNING: Decoder=7f0caffea700 Decode error: NS_ERROR_DOM_MEDIA_METADATA_ERR (0x806e0006): file /builds/worker/checkouts/gecko/dom/media/MediaDecoderStateMachineBase.cpp:151
JavaScript error: , line 0: AbortError: The fetching process for the media resource was aborted by the user agent at the user's request.
[Child 4752, MediaDecoderStateMachine #1] WARNING: Decoder=7f0cacd71000 state=DECODING_METADATA Decode metadata failed, shutting down decoder: file /builds/worker/checkouts/gecko/dom/media/MediaDecoderStateMachine.cpp:370
[Child 4752, MediaDecoderStateMachine #1] WARNING: Decoder=7f0cacd71000 Decode error: NS_ERROR_DOM_MEDIA_METADATA_ERR (0x806e0006): file /builds/worker/checkouts/gecko/dom/media/MediaDecoderStateMachineBase.cpp:151
Handler function threw an exception: TypeError: browsingContext.currentWindowGlobal is null
Stack: isChannelFromSystemPrincipal@resource://devtools/server/actors/network-monitor/utils/network-utils.js:97:1
exports.createNetworkEvent@resource://devtools/server/actors/network-monitor/utils/network-utils.js:186:33
_createNetworkEvent@resource://devtools/server/actors/network-monitor/network-observer.js:729:32
_onRequestHeader@resource://devtools/server/actors/network-monitor/network-observer.js:775:10
NetworkObserver.prototype.observeActivity<@resource://devtools/server/actors/network-monitor/network-observer.js:656:12
exports.makeInfallible/<@resource://devtools/shared/ThreadSafeDevToolsUtils.js:103:22
Line: 97, column: 1
console.error: (new TypeError("browsingContext.currentWindowGlobal is null", "resource://devtools/server/actors/network-monitor/utils/network-utils.js", 97))
Handler function threw an exception: TypeError: httpActivity.owner is null
Stack: _onResponseHeader@resource://devtools/server/actors/network-monitor/network-observer.js:1037:5
_dispatchActivity@resource://devtools/server/actors/network-monitor/network-observer.js:577:14
NetworkObserver.prototype.observeActivity<@resource://devtools/server/actors/network-monitor/network-observer.js:686:12
exports.makeInfallible/<@resource://devtools/shared/ThreadSafeDevToolsUtils.js:103:22
Line: 1037, column: 5
console.error: (new TypeError("httpActivity.owner is null", "resource://devtools/server/actors/network-monitor/network-observer.js", 1037))
Handler function _httpStopRequest threw an exception: TypeError: browsingContext.currentWindowGlobal is null
Stack: isChannelFromSystemPrincipal@resource://devtools/server/actors/network-monitor/utils/network-utils.js:97:1
exports.createNetworkEvent@resource://devtools/server/actors/network-monitor/utils/network-utils.js:186:33
_createNetworkEvent@resource://devtools/server/actors/network-monitor/network-observer.js:729:32
_httpStopRequest@resource://devtools/server/actors/network-monitor/network-observer.js:356:14
exports.makeInfallible/<@resource://devtools/shared/ThreadSafeDevToolsUtils.js:103:22
Line: 97, column: 1
console.error: (new TypeError("browsingContext.currentWindowGlobal is null", "resource://devtools/server/actors/network-monitor/utils/network-utils.js", 97))
console.warn: "Listener for event 'frame' did not return a promise."
console.warn: "Listener for event 'frame' did not return a promise."
console.warn: "Listener for event 'frame' did not return a promise."
console.warn: "Listener for event 'frame' did not return a promise."
[Child 4752, MediaDecoderStateMachine #2] WARNING: Decoder=7f0c9d766400 state=DECODING_METADATA Decode metadata failed, shutting down decoder: file /builds/worker/checkouts/gecko/dom/media/MediaDecoderStateMachine.cpp:370
[Child 4752, MediaDecoderStateMachine #2] WARNING: Decoder=7f0c9d766400 Decode error: NS_ERROR_DOM_MEDIA_METADATA_ERR (0x806e0006): file /builds/worker/checkouts/gecko/dom/media/MediaDecoderStateMachineBase.cpp:151
console.error: (new TypeError("currentNode is null", "resource://devtools/client/inspector/shared/style-change-tracker.js", 66))
TypeError: currentNode is null: canMutationImpactCurrentStyles@resource://devtools/client/inspector/shared/style-change-tracker.js:66:20
onMutations@resource://devtools/client/inspector/shared/style-change-tracker.js:84:41
_emit@resource://devtools/shared/event-emitter.js:242:32
emit@resource://devtools/shared/event-emitter.js:186:18
emit@resource://devtools/shared/event-emitter.js:330:18
getMutations@resource://devtools/client/fronts/walker.js:313:10

Handler function threw an exception: TypeError: browsingContext.currentWindowGlobal is null
Stack: isChannelFromSystemPrincipal@resource://devtools/server/actors/network-monitor/utils/network-utils.js:97:1
exports.createNetworkEvent@resource://devtools/server/actors/network-monitor/utils/network-utils.js:186:33
_createNetworkEvent@resource://devtools/server/actors/network-monitor/network-observer.js:729:32
_onRequestHeader@resource://devtools/server/actors/network-monitor/network-observer.js:775:10
NetworkObserver.prototype.observeActivity<@resource://devtools/server/actors/network-monitor/network-observer.js:656:12
exports.makeInfallible/<@resource://devtools/shared/ThreadSafeDevToolsUtils.js:103:22
Line: 97, column: 1
console.error: (new TypeError("browsingContext.currentWindowGlobal is null", "resource://devtools/server/actors/network-monitor/utils/network-utils.js", 97))
console.warn: "Listener for event 'frame' did not return a promise."
Handler function threw an exception: TypeError: httpActivity.owner is null
Stack: _onResponseHeader@resource://devtools/server/actors/network-monitor/network-observer.js:1037:5
_dispatchActivity@resource://devtools/server/actors/network-monitor/network-observer.js:577:14
NetworkObserver.prototype.observeActivity<@resource://devtools/server/actors/network-monitor/network-observer.js:686:12
exports.makeInfallible/<@resource://devtools/shared/ThreadSafeDevToolsUtils.js:103:22
Line: 1037, column: 5
console.error: (new TypeError("httpActivity.owner is null", "resource://devtools/server/actors/network-monitor/network-observer.js", 1037))
Handler function _httpStopRequest threw an exception: TypeError: browsingContext.currentWindowGlobal is null
Stack: isChannelFromSystemPrincipal@resource://devtools/server/actors/network-monitor/utils/network-utils.js:97:1
exports.createNetworkEvent@resource://devtools/server/actors/network-monitor/utils/network-utils.js:186:33
_createNetworkEvent@resource://devtools/server/actors/network-monitor/network-observer.js:729:32
_httpStopRequest@resource://devtools/server/actors/network-monitor/network-observer.js:356:14
exports.makeInfallible/<@resource://devtools/shared/ThreadSafeDevToolsUtils.js:103:22
Line: 97, column: 1
console.error: (new TypeError("browsingContext.currentWindowGlobal is null", "resource://devtools/server/actors/network-monitor/utils/network-utils.js", 97))
console.warn: "Listener for event 'frame' did not return a promise."
console.warn: "Listener for event 'frame' did not return a promise."
console.warn: "Listener for event 'frame' did not return a promise."
console.warn: "Listener for event 'frame' did not return a promise."
console.warn: "Listener for event 'frame' did not return a promise."
console.warn: "Listener for event 'frame' did not return a promise."
[Child 4752, MediaDecoderStateMachine #2] WARNING: Decoder=7f0cb33f6200 state=DECODING_METADATA Decode metadata failed, shutting down decoder: file /builds/worker/checkouts/gecko/dom/media/MediaDecoderStateMachine.cpp:370
[Child 4752, MediaDecoderStateMachine #2] WARNING: Decoder=7f0cb33f6200 Decode error: NS_ERROR_DOM_MEDIA_METADATA_ERR (0x806e0006): file /builds/worker/checkouts/gecko/dom/media/MediaDecoderStateMachineBase.cpp:151
console.error: (new TypeError("currentNode is null", "resource://devtools/client/inspector/shared/style-change-tracker.js", 66))
TypeError: currentNode is null: canMutationImpactCurrentStyles@resource://devtools/client/inspector/shared/style-change-tracker.js:66:20
onMutations@resource://devtools/client/inspector/shared/style-change-tracker.js:84:41
_emit@resource://devtools/shared/event-emitter.js:242:32
emit@resource://devtools/shared/event-emitter.js:186:18
emit@resource://devtools/shared/event-emitter.js:330:18
getMutations@resource://devtools/client/fronts/walker.js:313:10

Handler function threw an exception: TypeError: browsingContext.currentWindowGlobal is null
Stack: isChannelFromSystemPrincipal@resource://devtools/server/actors/network-monitor/utils/network-utils.js:97:1
exports.createNetworkEvent@resource://devtools/server/actors/network-monitor/utils/network-utils.js:186:33
_createNetworkEvent@resource://devtools/server/actors/network-monitor/network-observer.js:729:32
_onRequestHeader@resource://devtools/server/actors/network-monitor/network-observer.js:775:10
NetworkObserver.prototype.observeActivity<@resource://devtools/server/actors/network-monitor/network-observer.js:656:12
exports.makeInfallible/<@resource://devtools/shared/ThreadSafeDevToolsUtils.js:103:22
Line: 97, column: 1
console.error: (new TypeError("browsingContext.currentWindowGlobal is null", "resource://devtools/server/actors/network-monitor/utils/network-utils.js", 97))
console.warn: "Listener for event 'frame' did not return a promise."
Handler function threw an exception: TypeError: httpActivity.owner is null
Stack: _onResponseHeader@resource://devtools/server/actors/network-monitor/network-observer.js:1037:5
_dispatchActivity@resource://devtools/server/actors/network-monitor/network-observer.js:577:14
NetworkObserver.prototype.observeActivity<@resource://devtools/server/actors/network-monitor/network-observer.js:686:12
exports.makeInfallible/<@resource://devtools/shared/ThreadSafeDevToolsUtils.js:103:22
Line: 1037, column: 5
console.error: (new TypeError("httpActivity.owner is null", "resource://devtools/server/actors/network-monitor/network-observer.js", 1037))
Handler function _httpStopRequest threw an exception: TypeError: browsingContext.currentWindowGlobal is null
Stack: isChannelFromSystemPrincipal@resource://devtools/server/actors/network-monitor/utils/network-utils.js:97:1
exports.createNetworkEvent@resource://devtools/server/actors/network-monitor/utils/network-utils.js:186:33
_createNetworkEvent@resource://devtools/server/actors/network-monitor/network-observer.js:729:32
_httpStopRequest@resource://devtools/server/actors/network-monitor/network-observer.js:356:14
exports.makeInfallible/<@resource://devtools/shared/ThreadSafeDevToolsUtils.js:103:22
Line: 97, column: 1
console.error: (new TypeError("browsingContext.currentWindowGlobal is null", "resource://devtools/server/actors/network-monitor/utils/network-utils.js", 97))
console.warn: "Listener for event 'frame' did not return a promise."
[Child 4752, MediaDecoderStateMachine #2] WARNING: Decoder=7f0ca5efce00 state=DECODING_METADATA Decode metadata failed, shutting down decoder: file /builds/worker/checkouts/gecko/dom/media/MediaDecoderStateMachine.cpp:370
[Child 4752, MediaDecoderStateMachine #2] WARNING: Decoder=7f0ca5efce00 Decode error: NS_ERROR_DOM_MEDIA_METADATA_ERR (0x806e0006): file /builds/worker/checkouts/gecko/dom/media/MediaDecoderStateMachineBase.cpp:151
Handler function threw an exception: TypeError: browsingContext.currentWindowGlobal is null
Stack: isChannelFromSystemPrincipal@resource://devtools/server/actors/network-monitor/utils/network-utils.js:97:1
exports.createNetworkEvent@resource://devtools/server/actors/network-monitor/utils/network-utils.js:186:33
_createNetworkEvent@resource://devtools/server/actors/network-monitor/network-observer.js:729:32
_onRequestHeader@resource://devtools/server/actors/network-monitor/network-observer.js:775:10
NetworkObserver.prototype.observeActivity<@resource://devtools/server/actors/network-monitor/network-observer.js:656:12
exports.makeInfallible/<@resource://devtools/shared/ThreadSafeDevToolsUtils.js:103:22
Line: 97, column: 1
console.error: (new TypeError("browsingContext.currentWindowGlobal is null", "resource://devtools/server/actors/network-monitor/utils/network-utils.js", 97))
Handler function threw an exception: TypeError: httpActivity.owner is null
Stack: _onResponseHeader@resource://devtools/server/actors/network-monitor/network-observer.js:1037:5
_dispatchActivity@resource://devtools/server/actors/network-monitor/network-observer.js:577:14
NetworkObserver.prototype.observeActivity<@resource://devtools/server/actors/network-monitor/network-observer.js:686:12
exports.makeInfallible/<@resource://devtools/shared/ThreadSafeDevToolsUtils.js:103:22
Line: 1037, column: 5
console.error: (new TypeError("httpActivity.owner is null", "resource://devtools/server/actors/network-monitor/network-observer.js", 1037))
Handler function _httpStopRequest threw an exception: TypeError: browsingContext.currentWindowGlobal is null
Stack: isChannelFromSystemPrincipal@resource://devtools/server/actors/network-monitor/utils/network-utils.js:97:1
exports.createNetworkEvent@resource://devtools/server/actors/network-monitor/utils/network-utils.js:186:33
_createNetworkEvent@resource://devtools/server/actors/network-monitor/network-observer.js:729:32
_httpStopRequest@resource://devtools/server/actors/network-monitor/network-observer.js:356:14
exports.makeInfallible/<@resource://devtools/shared/ThreadSafeDevToolsUtils.js:103:22
Line: 97, column: 1
console.error: (new TypeError("browsingContext.currentWindowGlobal is null", "resource://devtools/server/actors/network-monitor/utils/network-utils.js", 97))
console.warn: "Listener for event 'frame' did not return a promise."
console.warn: "Listener for event 'frame' did not return a promise."
console.warn: "Listener for event 'frame' did not return a promise."
console.warn: "Listener for event 'frame' did not return a promise."
console.warn: "Listener for event 'frame' did not return a promise."
console.warn: "Listener for event 'frame' did not return a promise."
[Child 4752, MediaDecoderStateMachine #2] WARNING: Decoder=7f0ca5e1fd00 state=DECODING_METADATA Decode metadata failed, shutting down decoder: file /builds/worker/checkouts/gecko/dom/media/MediaDecoderStateMachine.cpp:370
[Child 4752, MediaDecoderStateMachine #2] WARNING: Decoder=7f0ca5e1fd00 Decode error: NS_ERROR_DOM_MEDIA_METADATA_ERR (0x806e0006): file /builds/worker/checkouts/gecko/dom/media/MediaDecoderStateMachineBase.cpp:151
JavaScript error: resource://gre/modules/XULStore.jsm, line 58: Error: Can't find profile directory.
JavaScript error: resource://gre/modules/XULStore.jsm, line 58: Error: Can't find profile directory.
console.warn: "Listener for event 'frame' did not return a promise."
console.warn: "Listener for event 'frame' did not return a promise."
console.warn: "Listener for event 'frame' did not return a promise."
JavaScript error: , line 0: AbortError: The fetching process for the media resource was aborted by the user agent at the user's request.
JavaScript error: resource://gre/modules/AsyncShutdown.jsm, line 574: NotFoundError: No such JSWindowActor 'DevToolsFrame'
JavaScript error: resource://gre/modules/AsyncShutdown.jsm, line 574: NotFoundError: No such JSWindowActor 'DevToolsFrame'
JavaScript error: resource://gre/modules/AsyncShutdown.jsm, line 574: NotFoundError: No such JSWindowActor 'DevToolsFrame'
1669089851521	Marionette	INFO	Stopped listening on port 33217
1669089863527	geckodriver	INFO	Listening on 127.0.0.1:52599
1669089864062	mozrunner::runner	INFO	Running command: "/bin/firefox" "--marionette" "--remote-debugging-port" "57477" "--remote-allow-hosts" "localhost" "-no-remote" "-profile" "/tmp/rust_mozprofilepBiHwM"
ATTENTION: default value of option mesa_glthread overridden by environment.
ATTENTION: default value of option mesa_glthread overridden by environment.
ATTENTION: default value of option mesa_glthread overridden by environment.
ATTENTION: default value of option mesa_glthread overridden by environment.
1669089864461	Marionette	INFO	Marionette enabled
1669089864463	Marionette	INFO	Listening on port 41839
Read port: 41839
WebDriver BiDi listening on ws://127.0.0.1:57477
1669089864598	RemoteAgent	WARN	TLS certificate errors will be ignored for this session
console.warn: SearchSettings: "get: No settings file exists, new profile?" (new NotFoundError("Could not open the file at /tmp/rust_mozprofilepBiHwM/search.json.mozlz4", (void 0)))
DevTools listening on ws://127.0.0.1:57477/devtools/browser/84cbba5e-bdf3-4d99-b628-56b722d4dabc
console.warn: LoginRecipes: "Falling back to a synchronous message for: https://ok.ru."
console.warn: LoginRecipes: "Falling back to a synchronous message for: https://ok.ru."
[Child 5437, MediaDecoderStateMachine #1] WARNING: Decoder=7f0209bfc700 state=DECODING_METADATA Decode metadata failed, shutting down decoder: file /builds/worker/checkouts/gecko/dom/media/MediaDecoderStateMachine.cpp:370
[Child 5437, MediaDecoderStateMachine #1] WARNING: Decoder=7f0209bfc700 Decode error: NS_ERROR_DOM_MEDIA_METADATA_ERR (0x806e0006): file /builds/worker/checkouts/gecko/dom/media/MediaDecoderStateMachineBase.cpp:151
[Child 5437, MediaDecoderStateMachine #1] WARNING: Decoder=7f0204faa600 state=DECODING_METADATA Decode metadata failed, shutting down decoder: file /builds/worker/checkouts/gecko/dom/media/MediaDecoderStateMachine.cpp:370
[Child 5437, MediaDecoderStateMachine #1] WARNING: Decoder=7f0204faa600 Decode error: NS_ERROR_DOM_MEDIA_METADATA_ERR (0x806e0006): file /builds/worker/checkouts/gecko/dom/media/MediaDecoderStateMachineBase.cpp:151
[Child 5437, MediaDecoderStateMachine #1] WARNING: Decoder=7f0202f19e00 state=DECODING_METADATA Decode metadata failed, shutting down decoder: file /builds/worker/checkouts/gecko/dom/media/MediaDecoderStateMachine.cpp:370
[Child 5437, MediaDecoderStateMachine #1] WARNING: Decoder=7f0202f19e00 Decode error: NS_ERROR_DOM_MEDIA_METADATA_ERR (0x806e0006): file /builds/worker/checkouts/gecko/dom/media/MediaDecoderStateMachineBase.cpp:151
console.error: "Unable to find target with innerWindowId:4294967326"
console.warn: "Listener for event 'frame' did not return a promise."
[Child 5437, MediaDecoderStateMachine #2] WARNING: Decoder=7f01f6a37400 state=DECODING_METADATA Decode metadata failed, shutting down decoder: file /builds/worker/checkouts/gecko/dom/media/MediaDecoderStateMachine.cpp:370
[Child 5437, MediaDecoderStateMachine #2] WARNING: Decoder=7f01f6a37400 Decode error: NS_ERROR_DOM_MEDIA_METADATA_ERR (0x806e0006): file /builds/worker/checkouts/gecko/dom/media/MediaDecoderStateMachineBase.cpp:151
console.error: (new TypeError("parent is null", "resource://devtools/client/inspector/shared/style-change-tracker.js", 67))
TypeError: parent is null: canMutationImpactCurrentStyles@resource://devtools/client/inspector/shared/style-change-tracker.js:67:24
onMutations@resource://devtools/client/inspector/shared/style-change-tracker.js:84:41
_emit@resource://devtools/shared/event-emitter.js:242:32
emit@resource://devtools/shared/event-emitter.js:186:18
emit@resource://devtools/shared/event-emitter.js:330:18
getMutations@resource://devtools/client/fronts/walker.js:313:10

console.error: (new TypeError("container.node.targetFront is null", "resource://devtools/client/inspector/markup/markup.js", 2353))
console.error: (new TypeError("container.node.targetFront is null", "resource://devtools/client/inspector/markup/markup.js", 2353))
console.error: (new TypeError("container.node.targetFront is null", "resource://devtools/client/inspector/markup/markup.js", 2353))
console.error: "Unable to find target with innerWindowId:4294967327"
Handler function threw an exception: TypeError: browsingContext.currentWindowGlobal is null
Stack: isChannelFromSystemPrincipal@resource://devtools/server/actors/network-monitor/utils/network-utils.js:97:1
exports.createNetworkEvent@resource://devtools/server/actors/network-monitor/utils/network-utils.js:186:33
_createNetworkEvent@resource://devtools/server/actors/network-monitor/network-observer.js:729:32
_onRequestHeader@resource://devtools/server/actors/network-monitor/network-observer.js:775:10
NetworkObserver.prototype.observeActivity<@resource://devtools/server/actors/network-monitor/network-observer.js:656:12
exports.makeInfallible/<@resource://devtools/shared/ThreadSafeDevToolsUtils.js:103:22
Line: 97, column: 1
console.error: (new TypeError("browsingContext.currentWindowGlobal is null", "resource://devtools/server/actors/network-monitor/utils/network-utils.js", 97))
Handler function threw an exception: TypeError: httpActivity.owner is null
Stack: _onResponseHeader@resource://devtools/server/actors/network-monitor/network-observer.js:1037:5
_dispatchActivity@resource://devtools/server/actors/network-monitor/network-observer.js:577:14
NetworkObserver.prototype.observeActivity<@resource://devtools/server/actors/network-monitor/network-observer.js:686:12
exports.makeInfallible/<@resource://devtools/shared/ThreadSafeDevToolsUtils.js:103:22
Line: 1037, column: 5
console.error: (new TypeError("httpActivity.owner is null", "resource://devtools/server/actors/network-monitor/network-observer.js", 1037))
Handler function _httpStopRequest threw an exception: TypeError: browsingContext.currentWindowGlobal is null
Stack: isChannelFromSystemPrincipal@resource://devtools/server/actors/network-monitor/utils/network-utils.js:97:1
exports.createNetworkEvent@resource://devtools/server/actors/network-monitor/utils/network-utils.js:186:33
_createNetworkEvent@resource://devtools/server/actors/network-monitor/network-observer.js:729:32
_httpStopRequest@resource://devtools/server/actors/network-monitor/network-observer.js:356:14
exports.makeInfallible/<@resource://devtools/shared/ThreadSafeDevToolsUtils.js:103:22
Line: 97, column: 1
console.error: (new TypeError("browsingContext.currentWindowGlobal is null", "resource://devtools/server/actors/network-monitor/utils/network-utils.js", 97))
console.warn: "Listener for event 'frame' did not return a promise."
console.warn: "Listener for event 'frame' did not return a promise."
console.warn: "Listener for event 'frame' did not return a promise."
console.warn: "Listener for event 'frame' did not return a promise."
console.warn: "Listener for event 'frame' did not return a promise."
console.warn: "Listener for event 'frame' did not return a promise."
[Child 5437, MediaDecoderStateMachine #2] WARNING: Decoder=7f020e0cd000 state=DECODING_METADATA Decode metadata failed, shutting down decoder: file /builds/worker/checkouts/gecko/dom/media/MediaDecoderStateMachine.cpp:370
[Child 5437, MediaDecoderStateMachine #2] WARNING: Decoder=7f020e0cd000 Decode error: NS_ERROR_DOM_MEDIA_METADATA_ERR (0x806e0006): file /builds/worker/checkouts/gecko/dom/media/MediaDecoderStateMachineBase.cpp:151
Handler function threw an exception: TypeError: browsingContext.currentWindowGlobal is null
Stack: isChannelFromSystemPrincipal@resource://devtools/server/actors/network-monitor/utils/network-utils.js:97:1
exports.createNetworkEvent@resource://devtools/server/actors/network-monitor/utils/network-utils.js:186:33
_createNetworkEvent@resource://devtools/server/actors/network-monitor/network-observer.js:729:32
_onRequestHeader@resource://devtools/server/actors/network-monitor/network-observer.js:775:10
NetworkObserver.prototype.observeActivity<@resource://devtools/server/actors/network-monitor/network-observer.js:656:12
exports.makeInfallible/<@resource://devtools/shared/ThreadSafeDevToolsUtils.js:103:22
Line: 97, column: 1
console.error: (new TypeError("browsingContext.currentWindowGlobal is null", "resource://devtools/server/actors/network-monitor/utils/network-utils.js", 97))
Handler function threw an exception: TypeError: httpActivity.owner is null
Stack: _onResponseHeader@resource://devtools/server/actors/network-monitor/network-observer.js:1037:5
_dispatchActivity@resource://devtools/server/actors/network-monitor/network-observer.js:577:14
NetworkObserver.prototype.observeActivity<@resource://devtools/server/actors/network-monitor/network-observer.js:686:12
exports.makeInfallible/<@resource://devtools/shared/ThreadSafeDevToolsUtils.js:103:22
Line: 1037, column: 5
console.error: (new TypeError("httpActivity.owner is null", "resource://devtools/server/actors/network-monitor/network-observer.js", 1037))
Handler function _httpStopRequest threw an exception: TypeError: browsingContext.currentWindowGlobal is null
Stack: isChannelFromSystemPrincipal@resource://devtools/server/actors/network-monitor/utils/network-utils.js:97:1
exports.createNetworkEvent@resource://devtools/server/actors/network-monitor/utils/network-utils.js:186:33
_createNetworkEvent@resource://devtools/server/actors/network-monitor/network-observer.js:729:32
_httpStopRequest@resource://devtools/server/actors/network-monitor/network-observer.js:356:14
exports.makeInfallible/<@resource://devtools/shared/ThreadSafeDevToolsUtils.js:103:22
Line: 97, column: 1
console.error: (new TypeError("browsingContext.currentWindowGlobal is null", "resource://devtools/server/actors/network-monitor/utils/network-utils.js", 97))
console.warn: "Listener for event 'frame' did not return a promise."
console.warn: "Listener for event 'frame' did not return a promise."
console.warn: "Listener for event 'frame' did not return a promise."
console.warn: "Listener for event 'frame' did not return a promise."
[Child 5437, MediaDecoderStateMachine #2] WARNING: Decoder=7effffa6c100 state=DECODING_METADATA Decode metadata failed, shutting down decoder: file /builds/worker/checkouts/gecko/dom/media/MediaDecoderStateMachine.cpp:370
[Child 5437, MediaDecoderStateMachine #2] WARNING: Decoder=7effffa6c100 Decode error: NS_ERROR_DOM_MEDIA_METADATA_ERR (0x806e0006): file /builds/worker/checkouts/gecko/dom/media/MediaDecoderStateMachineBase.cpp:151
console.error: "Unable to find target with innerWindowId:4294967349"
Handler function threw an exception: TypeError: browsingContext.currentWindowGlobal is null
Stack: isChannelFromSystemPrincipal@resource://devtools/server/actors/network-monitor/utils/network-utils.js:97:1
exports.createNetworkEvent@resource://devtools/server/actors/network-monitor/utils/network-utils.js:186:33
_createNetworkEvent@resource://devtools/server/actors/network-monitor/network-observer.js:729:32
_onRequestHeader@resource://devtools/server/actors/network-monitor/network-observer.js:775:10
NetworkObserver.prototype.observeActivity<@resource://devtools/server/actors/network-monitor/network-observer.js:656:12
exports.makeInfallible/<@resource://devtools/shared/ThreadSafeDevToolsUtils.js:103:22
Line: 97, column: 1
console.error: (new TypeError("browsingContext.currentWindowGlobal is null", "resource://devtools/server/actors/network-monitor/utils/network-utils.js", 97))
Handler function threw an exception: TypeError: httpActivity.owner is null
Stack: _onResponseHeader@resource://devtools/server/actors/network-monitor/network-observer.js:1037:5
_dispatchActivity@resource://devtools/server/actors/network-monitor/network-observer.js:577:14
NetworkObserver.prototype.observeActivity<@resource://devtools/server/actors/network-monitor/network-observer.js:686:12
exports.makeInfallible/<@resource://devtools/shared/ThreadSafeDevToolsUtils.js:103:22
Line: 1037, column: 5
console.error: (new TypeError("httpActivity.owner is null", "resource://devtools/server/actors/network-monitor/network-observer.js", 1037))
Handler function _httpStopRequest threw an exception: TypeError: browsingContext.currentWindowGlobal is null
Stack: isChannelFromSystemPrincipal@resource://devtools/server/actors/network-monitor/utils/network-utils.js:97:1
exports.createNetworkEvent@resource://devtools/server/actors/network-monitor/utils/network-utils.js:186:33
_createNetworkEvent@resource://devtools/server/actors/network-monitor/network-observer.js:729:32
_httpStopRequest@resource://devtools/server/actors/network-monitor/network-observer.js:356:14
exports.makeInfallible/<@resource://devtools/shared/ThreadSafeDevToolsUtils.js:103:22
Line: 97, column: 1
console.error: (new TypeError("browsingContext.currentWindowGlobal is null", "resource://devtools/server/actors/network-monitor/utils/network-utils.js", 97))
console.warn: "Listener for event 'frame' did not return a promise."
console.warn: "Listener for event 'frame' did not return a promise."
console.warn: "Listener for event 'frame' did not return a promise."
console.warn: "Listener for event 'frame' did not return a promise."
console.warn: "Listener for event 'frame' did not return a promise."
console.warn: "Listener for event 'frame' did not return a promise."
console.error: (new TypeError("currentNode is null", "resource://devtools/client/inspector/shared/style-change-tracker.js", 66))
TypeError: currentNode is null: canMutationImpactCurrentStyles@resource://devtools/client/inspector/shared/style-change-tracker.js:66:20
onMutations@resource://devtools/client/inspector/shared/style-change-tracker.js:84:41
_emit@resource://devtools/shared/event-emitter.js:242:32
emit@resource://devtools/shared/event-emitter.js:186:18
emit@resource://devtools/shared/event-emitter.js:330:18
getMutations@resource://devtools/client/fronts/walker.js:313:10

console.error: (new TypeError("currentNode is null", "resource://devtools/client/inspector/shared/style-change-tracker.js", 66))
TypeError: currentNode is null: canMutationImpactCurrentStyles@resource://devtools/client/inspector/shared/style-change-tracker.js:66:20
onMutations@resource://devtools/client/inspector/shared/style-change-tracker.js:84:41
_emit@resource://devtools/shared/event-emitter.js:242:32
emit@resource://devtools/shared/event-emitter.js:186:18
emit@resource://devtools/shared/event-emitter.js:330:18
getMutations@resource://devtools/client/fronts/walker.js:313:10

Handler function threw an exception: TypeError: browsingContext.currentWindowGlobal is null
Stack: isChannelFromSystemPrincipal@resource://devtools/server/actors/network-monitor/utils/network-utils.js:97:1
exports.createNetworkEvent@resource://devtools/server/actors/network-monitor/utils/network-utils.js:186:33
_createNetworkEvent@resource://devtools/server/actors/network-monitor/network-observer.js:729:32
_onRequestHeader@resource://devtools/server/actors/network-monitor/network-observer.js:775:10
NetworkObserver.prototype.observeActivity<@resource://devtools/server/actors/network-monitor/network-observer.js:656:12
exports.makeInfallible/<@resource://devtools/shared/ThreadSafeDevToolsUtils.js:103:22
Line: 97, column: 1
console.error: (new TypeError("browsingContext.currentWindowGlobal is null", "resource://devtools/server/actors/network-monitor/utils/network-utils.js", 97))
Handler function threw an exception: TypeError: browsingContext.currentWindowGlobal is null
Stack: isChannelFromSystemPrincipal@resource://devtools/server/actors/network-monitor/utils/network-utils.js:97:1
exports.createNetworkEvent@resource://devtools/server/actors/network-monitor/utils/network-utils.js:186:33
_createNetworkEvent@resource://devtools/server/actors/network-monitor/network-observer.js:729:32
_onRequestHeader@resource://devtools/server/actors/network-monitor/network-observer.js:775:10
NetworkObserver.prototype.observeActivity<@resource://devtools/server/actors/network-monitor/network-observer.js:656:12
exports.makeInfallible/<@resource://devtools/shared/ThreadSafeDevToolsUtils.js:103:22
Line: 97, column: 1
console.error: (new TypeError("browsingContext.currentWindowGlobal is null", "resource://devtools/server/actors/network-monitor/utils/network-utils.js", 97))
Handler function threw an exception: TypeError: httpActivity.owner is null
Stack: _onResponseHeader@resource://devtools/server/actors/network-monitor/network-observer.js:1037:5
_dispatchActivity@resource://devtools/server/actors/network-monitor/network-observer.js:577:14
NetworkObserver.prototype.observeActivity<@resource://devtools/server/actors/network-monitor/network-observer.js:686:12
exports.makeInfallible/<@resource://devtools/shared/ThreadSafeDevToolsUtils.js:103:22
Line: 1037, column: 5
console.error: (new TypeError("httpActivity.owner is null", "resource://devtools/server/actors/network-monitor/network-observer.js", 1037))
Handler function _httpStopRequest threw an exception: TypeError: browsingContext.currentWindowGlobal is null
Stack: isChannelFromSystemPrincipal@resource://devtools/server/actors/network-monitor/utils/network-utils.js:97:1
exports.createNetworkEvent@resource://devtools/server/actors/network-monitor/utils/network-utils.js:186:33
_createNetworkEvent@resource://devtools/server/actors/network-monitor/network-observer.js:729:32
_httpStopRequest@resource://devtools/server/actors/network-monitor/network-observer.js:356:14
exports.makeInfallible/<@resource://devtools/shared/ThreadSafeDevToolsUtils.js:103:22
Line: 97, column: 1
console.error: (new TypeError("browsingContext.currentWindowGlobal is null", "resource://devtools/server/actors/network-monitor/utils/network-utils.js", 97))
Handler function threw an exception: TypeError: httpActivity.owner is null
Stack: _onResponseHeader@resource://devtools/server/actors/network-monitor/network-observer.js:1037:5
_dispatchActivity@resource://devtools/server/actors/network-monitor/network-observer.js:577:14
NetworkObserver.prototype.observeActivity<@resource://devtools/server/actors/network-monitor/network-observer.js:686:12
exports.makeInfallible/<@resource://devtools/shared/ThreadSafeDevToolsUtils.js:103:22
Line: 1037, column: 5
console.error: (new TypeError("httpActivity.owner is null", "resource://devtools/server/actors/network-monitor/network-observer.js", 1037))
Handler function _httpStopRequest threw an exception: TypeError: browsingContext.currentWindowGlobal is null
Stack: isChannelFromSystemPrincipal@resource://devtools/server/actors/network-monitor/utils/network-utils.js:97:1
exports.createNetworkEvent@resource://devtools/server/actors/network-monitor/utils/network-utils.js:186:33
_createNetworkEvent@resource://devtools/server/actors/network-monitor/network-observer.js:729:32
_httpStopRequest@resource://devtools/server/actors/network-monitor/network-observer.js:356:14
exports.makeInfallible/<@resource://devtools/shared/ThreadSafeDevToolsUtils.js:103:22
Line: 97, column: 1
console.error: (new TypeError("browsingContext.currentWindowGlobal is null", "resource://devtools/server/actors/network-monitor/utils/network-utils.js", 97))
Handler function threw an exception: TypeError: browsingContext.currentWindowGlobal is null
Stack: isChannelFromSystemPrincipal@resource://devtools/server/actors/network-monitor/utils/network-utils.js:97:1
exports.createNetworkEvent@resource://devtools/server/actors/network-monitor/utils/network-utils.js:186:33
_createNetworkEvent@resource://devtools/server/actors/network-monitor/network-observer.js:729:32
_onRequestHeader@resource://devtools/server/actors/network-monitor/network-observer.js:775:10
NetworkObserver.prototype.observeActivity<@resource://devtools/server/actors/network-monitor/network-observer.js:656:12
exports.makeInfallible/<@resource://devtools/shared/ThreadSafeDevToolsUtils.js:103:22
Line: 97, column: 1
console.error: (new TypeError("browsingContext.currentWindowGlobal is null", "resource://devtools/server/actors/network-monitor/utils/network-utils.js", 97))
Handler function threw an exception: TypeError: httpActivity.owner is null
Stack: _onResponseHeader@resource://devtools/server/actors/network-monitor/network-observer.js:1037:5
_dispatchActivity@resource://devtools/server/actors/network-monitor/network-observer.js:577:14
NetworkObserver.prototype.observeActivity<@resource://devtools/server/actors/network-monitor/network-observer.js:686:12
exports.makeInfallible/<@resource://devtools/shared/ThreadSafeDevToolsUtils.js:103:22
Line: 1037, column: 5
console.error: (new TypeError("httpActivity.owner is null", "resource://devtools/server/actors/network-monitor/network-observer.js", 1037))
Handler function _httpStopRequest threw an exception: TypeError: browsingContext.currentWindowGlobal is null
Stack: isChannelFromSystemPrincipal@resource://devtools/server/actors/network-monitor/utils/network-utils.js:97:1
exports.createNetworkEvent@resource://devtools/server/actors/network-monitor/utils/network-utils.js:186:33
_createNetworkEvent@resource://devtools/server/actors/network-monitor/network-observer.js:729:32
_httpStopRequest@resource://devtools/server/actors/network-monitor/network-observer.js:356:14
exports.makeInfallible/<@resource://devtools/shared/ThreadSafeDevToolsUtils.js:103:22
Line: 97, column: 1
console.error: (new TypeError("browsingContext.currentWindowGlobal is null", "resource://devtools/server/actors/network-monitor/utils/network-utils.js", 97))
console.warn: "Listener for event 'frame' did not return a promise."
[Child 5437, MediaDecoderStateMachine #2] WARNING: Decoder=7f020a8ab000 state=DECODING_METADATA Decode metadata failed, shutting down decoder: file /builds/worker/checkouts/gecko/dom/media/MediaDecoderStateMachine.cpp:370
[Child 5437, MediaDecoderStateMachine #2] WARNING: Decoder=7f020a8ab000 Decode error: NS_ERROR_DOM_MEDIA_METADATA_ERR (0x806e0006): file /builds/worker/checkouts/gecko/dom/media/MediaDecoderStateMachineBase.cpp:151
console.error: "Unable to find target with innerWindowId:4294967382"
console.warn: "Listener for event 'frame' did not return a promise."
console.warn: "Listener for event 'frame' did not return a promise."
console.warn: "Listener for event 'frame' did not return a promise."
console.warn: "Listener for event 'frame' did not return a promise."
[Child 5437, MediaDecoderStateMachine #2] WARNING: Decoder=7f01f4dd7c00 state=DECODING_METADATA Decode metadata failed, shutting down decoder: file /builds/worker/checkouts/gecko/dom/media/MediaDecoderStateMachine.cpp:370
[Child 5437, MediaDecoderStateMachine #2] WARNING: Decoder=7f01f4dd7c00 Decode error: NS_ERROR_DOM_MEDIA_METADATA_ERR (0x806e0006): file /builds/worker/checkouts/gecko/dom/media/MediaDecoderStateMachineBase.cpp:151
console.warn: "Listener for event 'frame' did not return a promise."
console.warn: "Listener for event 'frame' did not return a promise."
console.warn: "Listener for event 'frame' did not return a promise."
console.warn: "Listener for event 'frame' did not return a promise."
console.warn: "Listener for event 'frame' did not return a promise."
console.warn: "Listener for event 'frame' did not return a promise."
console.error: (new TypeError("currentNode is null", "resource://devtools/client/inspector/shared/style-change-tracker.js", 66))
TypeError: currentNode is null: canMutationImpactCurrentStyles@resource://devtools/client/inspector/shared/style-change-tracker.js:66:20
onMutations@resource://devtools/client/inspector/shared/style-change-tracker.js:84:41
_emit@resource://devtools/shared/event-emitter.js:242:32
emit@resource://devtools/shared/event-emitter.js:186:18
emit@resource://devtools/shared/event-emitter.js:330:18
getMutations@resource://devtools/client/fronts/walker.js:313:10

console.error: (new TypeError("currentNode is null", "resource://devtools/client/inspector/shared/style-change-tracker.js", 66))
TypeError: currentNode is null: canMutationImpactCurrentStyles@resource://devtools/client/inspector/shared/style-change-tracker.js:66:20
onMutations@resource://devtools/client/inspector/shared/style-change-tracker.js:84:41
_emit@resource://devtools/shared/event-emitter.js:242:32
emit@resource://devtools/shared/event-emitter.js:186:18
emit@resource://devtools/shared/event-emitter.js:330:18
getMutations@resource://devtools/client/fronts/walker.js:313:10

console.error: "Unable to find target with innerWindowId:4294967394"
console.error: "Unable to find target with innerWindowId:4294967394"
console.warn: "Listener for event 'frame' did not return a promise."
[Child 5437, MediaDecoderStateMachine #3] WARNING: Decoder=7f01f5336a00 state=DECODING_METADATA Decode metadata failed, shutting down decoder: file /builds/worker/checkouts/gecko/dom/media/MediaDecoderStateMachine.cpp:370
[Child 5437, MediaDecoderStateMachine #3] WARNING: Decoder=7f01f5336a00 Decode error: NS_ERROR_DOM_MEDIA_METADATA_ERR (0x806e0006): file /builds/worker/checkouts/gecko/dom/media/MediaDecoderStateMachineBase.cpp:151
Handler function threw an exception: TypeError: browsingContext.currentWindowGlobal is null
Stack: isChannelFromSystemPrincipal@resource://devtools/server/actors/network-monitor/utils/network-utils.js:97:1
exports.createNetworkEvent@resource://devtools/server/actors/network-monitor/utils/network-utils.js:186:33
_createNetworkEvent@resource://devtools/server/actors/network-monitor/network-observer.js:729:32
_onRequestHeader@resource://devtools/server/actors/network-monitor/network-observer.js:775:10
NetworkObserver.prototype.observeActivity<@resource://devtools/server/actors/network-monitor/network-observer.js:656:12
exports.makeInfallible/<@resource://devtools/shared/ThreadSafeDevToolsUtils.js:103:22
Line: 97, column: 1
console.error: (new TypeError("browsingContext.currentWindowGlobal is null", "resource://devtools/server/actors/network-monitor/utils/network-utils.js", 97))
Handler function threw an exception: TypeError: httpActivity.owner is null
Stack: _onResponseHeader@resource://devtools/server/actors/network-monitor/network-observer.js:1037:5
_dispatchActivity@resource://devtools/server/actors/network-monitor/network-observer.js:577:14
NetworkObserver.prototype.observeActivity<@resource://devtools/server/actors/network-monitor/network-observer.js:686:12
exports.makeInfallible/<@resource://devtools/shared/ThreadSafeDevToolsUtils.js:103:22
Line: 1037, column: 5
console.error: (new TypeError("httpActivity.owner is null", "resource://devtools/server/actors/network-monitor/network-observer.js", 1037))
Handler function _httpStopRequest threw an exception: TypeError: browsingContext.currentWindowGlobal is null
Stack: isChannelFromSystemPrincipal@resource://devtools/server/actors/network-monitor/utils/network-utils.js:97:1
exports.createNetworkEvent@resource://devtools/server/actors/network-monitor/utils/network-utils.js:186:33
_createNetworkEvent@resource://devtools/server/actors/network-monitor/network-observer.js:729:32
_httpStopRequest@resource://devtools/server/actors/network-monitor/network-observer.js:356:14
exports.makeInfallible/<@resource://devtools/shared/ThreadSafeDevToolsUtils.js:103:22
Line: 97, column: 1
console.error: (new TypeError("browsingContext.currentWindowGlobal is null", "resource://devtools/server/actors/network-monitor/utils/network-utils.js", 97))
console.warn: "Listener for event 'frame' did not return a promise."
console.warn: "Listener for event 'frame' did not return a promise."
console.warn: "Listener for event 'frame' did not return a promise."
console.warn: "Listener for event 'frame' did not return a promise."
console.warn: "Listener for event 'frame' did not return a promise."
console.warn: "Listener for event 'frame' did not return a promise."
[Child 5437, MediaDecoderStateMachine #3] WARNING: Decoder=7f02090b3300 state=DECODING_METADATA Decode metadata failed, shutting down decoder: file /builds/worker/checkouts/gecko/dom/media/MediaDecoderStateMachine.cpp:370
[Child 5437, MediaDecoderStateMachine #3] WARNING: Decoder=7f02090b3300 Decode error: NS_ERROR_DOM_MEDIA_METADATA_ERR (0x806e0006): file /builds/worker/checkouts/gecko/dom/media/MediaDecoderStateMachineBase.cpp:151
console.error: (new TypeError("currentNode is null", "resource://devtools/client/inspector/shared/style-change-tracker.js", 66))
TypeError: currentNode is null: canMutationImpactCurrentStyles@resource://devtools/client/inspector/shared/style-change-tracker.js:66:20
onMutations@resource://devtools/client/inspector/shared/style-change-tracker.js:84:41
_emit@resource://devtools/shared/event-emitter.js:242:32
emit@resource://devtools/shared/event-emitter.js:186:18
emit@resource://devtools/shared/event-emitter.js:330:18
getMutations@resource://devtools/client/fronts/walker.js:313:10

console.error: "Unable to find target with innerWindowId:4294967418"
console.warn: "Listener for event 'frame' did not return a promise."
console.warn: "Listener for event 'frame' did not return a promise."
[Child 5437, MediaDecoderStateMachine #3] WARNING: Decoder=7f02064f9400 state=DECODING_METADATA Decode metadata failed, shutting down decoder: file /builds/worker/checkouts/gecko/dom/media/MediaDecoderStateMachine.cpp:370
[Child 5437, MediaDecoderStateMachine #3] WARNING: Decoder=7f02064f9400 Decode error: NS_ERROR_DOM_MEDIA_METADATA_ERR (0x806e0006): file /builds/worker/checkouts/gecko/dom/media/MediaDecoderStateMachineBase.cpp:151
console.error: "Unable to find target with innerWindowId:4294967434"
console.warn: "Listener for event 'frame' did not return a promise."
[Child 5437, MediaDecoderStateMachine #3] WARNING: Decoder=7effffa6ac00 state=DECODING_METADATA Decode metadata failed, shutting down decoder: file /builds/worker/checkouts/gecko/dom/media/MediaDecoderStateMachine.cpp:370
[Child 5437, MediaDecoderStateMachine #3] WARNING: Decoder=7effffa6ac00 Decode error: NS_ERROR_DOM_MEDIA_METADATA_ERR (0x806e0006): file /builds/worker/checkouts/gecko/dom/media/MediaDecoderStateMachineBase.cpp:151
Handler function threw an exception: TypeError: browsingContext.currentWindowGlobal is null
Stack: isChannelFromSystemPrincipal@resource://devtools/server/actors/network-monitor/utils/network-utils.js:97:1
exports.createNetworkEvent@resource://devtools/server/actors/network-monitor/utils/network-utils.js:186:33
_createNetworkEvent@resource://devtools/server/actors/network-monitor/network-observer.js:729:32
_onRequestHeader@resource://devtools/server/actors/network-monitor/network-observer.js:775:10
NetworkObserver.prototype.observeActivity<@resource://devtools/server/actors/network-monitor/network-observer.js:656:12
exports.makeInfallible/<@resource://devtools/shared/ThreadSafeDevToolsUtils.js:103:22
Line: 97, column: 1
console.error: (new TypeError("browsingContext.currentWindowGlobal is null", "resource://devtools/server/actors/network-monitor/utils/network-utils.js", 97))
Handler function threw an exception: TypeError: httpActivity.owner is null
Stack: _onResponseHeader@resource://devtools/server/actors/network-monitor/network-observer.js:1037:5
_dispatchActivity@resource://devtools/server/actors/network-monitor/network-observer.js:577:14
NetworkObserver.prototype.observeActivity<@resource://devtools/server/actors/network-monitor/network-observer.js:686:12
exports.makeInfallible/<@resource://devtools/shared/ThreadSafeDevToolsUtils.js:103:22
Line: 1037, column: 5
console.error: (new TypeError("httpActivity.owner is null", "resource://devtools/server/actors/network-monitor/network-observer.js", 1037))
Handler function _httpStopRequest threw an exception: TypeError: browsingContext.currentWindowGlobal is null
Stack: isChannelFromSystemPrincipal@resource://devtools/server/actors/network-monitor/utils/network-utils.js:97:1
exports.createNetworkEvent@resource://devtools/server/actors/network-monitor/utils/network-utils.js:186:33
_createNetworkEvent@resource://devtools/server/actors/network-monitor/network-observer.js:729:32
_httpStopRequest@resource://devtools/server/actors/network-monitor/network-observer.js:356:14
exports.makeInfallible/<@resource://devtools/shared/ThreadSafeDevToolsUtils.js:103:22
Line: 97, column: 1
console.error: (new TypeError("browsingContext.currentWindowGlobal is null", "resource://devtools/server/actors/network-monitor/utils/network-utils.js", 97))
console.warn: "Listener for event 'frame' did not return a promise."
console.warn: "Listener for event 'frame' did not return a promise."
console.warn: "Listener for event 'frame' did not return a promise."
console.warn: "Listener for event 'frame' did not return a promise."
console.warn: "Listener for event 'frame' did not return a promise."
console.warn: "Listener for event 'frame' did not return a promise."
JavaScript error: , line 0: AbortError: The operation was aborted. 
[Child 5437, MediaDecoderStateMachine #3] WARNING: Decoder=7f0208646600 state=DECODING_METADATA Decode metadata failed, shutting down decoder: file /builds/worker/checkouts/gecko/dom/media/MediaDecoderStateMachine.cpp:370
[Child 5437, MediaDecoderStateMachine #3] WARNING: Decoder=7f0208646600 Decode error: NS_ERROR_DOM_MEDIA_METADATA_ERR (0x806e0006): file /builds/worker/checkouts/gecko/dom/media/MediaDecoderStateMachineBase.cpp:151
console.error: (new TypeError("currentNode is null", "resource://devtools/client/inspector/shared/style-change-tracker.js", 66))
TypeError: currentNode is null: canMutationImpactCurrentStyles@resource://devtools/client/inspector/shared/style-change-tracker.js:66:20
onMutations@resource://devtools/client/inspector/shared/style-change-tracker.js:84:41
_emit@resource://devtools/shared/event-emitter.js:242:32
emit@resource://devtools/shared/event-emitter.js:186:18
emit@resource://devtools/shared/event-emitter.js:330:18
getMutations@resource://devtools/client/fronts/walker.js:313:10

console.error: (new TypeError("currentNode is null", "resource://devtools/client/inspector/shared/style-change-tracker.js", 66))
TypeError: currentNode is null: canMutationImpactCurrentStyles@resource://devtools/client/inspector/shared/style-change-tracker.js:66:20
onMutations@resource://devtools/client/inspector/shared/style-change-tracker.js:84:41
_emit@resource://devtools/shared/event-emitter.js:242:32
emit@resource://devtools/shared/event-emitter.js:186:18
emit@resource://devtools/shared/event-emitter.js:330:18
getMutations@resource://devtools/client/fronts/walker.js:313:10

console.error: "Unable to find target with innerWindowId:4294967441"
console.error: "Unable to find target with innerWindowId:4294967446"
console.warn: "Listener for event 'frame' did not return a promise."
console.warn: "Listener for event 'frame' did not return a promise."
console.warn: "Listener for event 'frame' did not return a promise."
console.warn: "Listener for event 'frame' did not return a promise."
console.warn: "Listener for event 'frame' did not return a promise."
console.warn: "Listener for event 'frame' did not return a promise."
[Child 5437, MediaDecoderStateMachine #3] WARNING: Decoder=7effffda7200 state=DECODING_METADATA Decode metadata failed, shutting down decoder: file /builds/worker/checkouts/gecko/dom/media/MediaDecoderStateMachine.cpp:370
[Child 5437, MediaDecoderStateMachine #3] WARNING: Decoder=7effffda7200 Decode error: NS_ERROR_DOM_MEDIA_METADATA_ERR (0x806e0006): file /builds/worker/checkouts/gecko/dom/media/MediaDecoderStateMachineBase.cpp:151
console.error: (new TypeError("currentNode is null", "resource://devtools/client/inspector/shared/style-change-tracker.js", 66))
TypeError: currentNode is null: canMutationImpactCurrentStyles@resource://devtools/client/inspector/shared/style-change-tracker.js:66:20
onMutations@resource://devtools/client/inspector/shared/style-change-tracker.js:84:41
_emit@resource://devtools/shared/event-emitter.js:242:32
emit@resource://devtools/shared/event-emitter.js:186:18
emit@resource://devtools/shared/event-emitter.js:330:18
getMutations@resource://devtools/client/fronts/walker.js:313:10

console.error: (new TypeError("currentNode is null", "resource://devtools/client/inspector/shared/style-change-tracker.js", 66))
TypeError: currentNode is null: canMutationImpactCurrentStyles@resource://devtools/client/inspector/shared/style-change-tracker.js:66:20
onMutations@resource://devtools/client/inspector/shared/style-change-tracker.js:84:41
_emit@resource://devtools/shared/event-emitter.js:242:32
emit@resource://devtools/shared/event-emitter.js:186:18
emit@resource://devtools/shared/event-emitter.js:330:18
getMutations@resource://devtools/client/fronts/walker.js:313:10

Handler function threw an exception: TypeError: browsingContext.currentWindowGlobal is null
Stack: isChannelFromSystemPrincipal@resource://devtools/server/actors/network-monitor/utils/network-utils.js:97:1
exports.createNetworkEvent@resource://devtools/server/actors/network-monitor/utils/network-utils.js:186:33
_createNetworkEvent@resource://devtools/server/actors/network-monitor/network-observer.js:729:32
_onRequestHeader@resource://devtools/server/actors/network-monitor/network-observer.js:775:10
NetworkObserver.prototype.observeActivity<@resource://devtools/server/actors/network-monitor/network-observer.js:656:12
exports.makeInfallible/<@resource://devtools/shared/ThreadSafeDevToolsUtils.js:103:22
Line: 97, column: 1
console.error: (new TypeError("browsingContext.currentWindowGlobal is null", "resource://devtools/server/actors/network-monitor/utils/network-utils.js", 97))
Handler function threw an exception: TypeError: httpActivity.owner is null
Stack: _onResponseHeader@resource://devtools/server/actors/network-monitor/network-observer.js:1037:5
_dispatchActivity@resource://devtools/server/actors/network-monitor/network-observer.js:577:14
NetworkObserver.prototype.observeActivity<@resource://devtools/server/actors/network-monitor/network-observer.js:686:12
exports.makeInfallible/<@resource://devtools/shared/ThreadSafeDevToolsUtils.js:103:22
Line: 1037, column: 5
console.error: (new TypeError("httpActivity.owner is null", "resource://devtools/server/actors/network-monitor/network-observer.js", 1037))
Handler function _httpStopRequest threw an exception: TypeError: browsingContext.currentWindowGlobal is null
Stack: isChannelFromSystemPrincipal@resource://devtools/server/actors/network-monitor/utils/network-utils.js:97:1
exports.createNetworkEvent@resource://devtools/server/actors/network-monitor/utils/network-utils.js:186:33
_createNetworkEvent@resource://devtools/server/actors/network-monitor/network-observer.js:729:32
_httpStopRequest@resource://devtools/server/actors/network-monitor/network-observer.js:356:14
exports.makeInfallible/<@resource://devtools/shared/ThreadSafeDevToolsUtils.js:103:22
Line: 97, column: 1
console.error: (new TypeError("browsingContext.currentWindowGlobal is null", "resource://devtools/server/actors/network-monitor/utils/network-utils.js", 97))
console.warn: "Listener for event 'frame' did not return a promise."
console.warn: "Listener for event 'frame' did not return a promise."
console.warn: "Listener for event 'frame' did not return a promise."
console.warn: "Listener for event 'frame' did not return a promise."
console.warn: "Listener for event 'frame' did not return a promise."
console.warn: "Listener for event 'frame' did not return a promise."
console.error: (new TypeError("currentNode is null", "resource://devtools/client/inspector/shared/style-change-tracker.js", 66))
TypeError: currentNode is null: canMutationImpactCurrentStyles@resource://devtools/client/inspector/shared/style-change-tracker.js:66:20
onMutations@resource://devtools/client/inspector/shared/style-change-tracker.js:84:41
_emit@resource://devtools/shared/event-emitter.js:242:32
emit@resource://devtools/shared/event-emitter.js:186:18
emit@resource://devtools/shared/event-emitter.js:330:18
getMutations@resource://devtools/client/fronts/walker.js:313:10

console.error: "Unable to find target with innerWindowId:4294967473"
console.error: "Unable to find target with innerWindowId:4294967473"
console.error: "Unable to find target with innerWindowId:4294967473"
console.error: "Unable to find target with innerWindowId:4294967473"
console.error: "Unable to find target with innerWindowId:4294967473"
console.error: "Unable to find target with innerWindowId:4294967473"
console.error: "Unable to find target with innerWindowId:4294967473"
console.error: "Unable to find target with innerWindowId:4294967473"
Handler function threw an exception: TypeError: browsingContext.currentWindowGlobal is null
Stack: isChannelFromSystemPrincipal@resource://devtools/server/actors/network-monitor/utils/network-utils.js:97:1
exports.createNetworkEvent@resource://devtools/server/actors/network-monitor/utils/network-utils.js:186:33
_createNetworkEvent@resource://devtools/server/actors/network-monitor/network-observer.js:729:32
_onRequestHeader@resource://devtools/server/actors/network-monitor/network-observer.js:775:10
NetworkObserver.prototype.observeActivity<@resource://devtools/server/actors/network-monitor/network-observer.js:656:12
exports.makeInfallible/<@resource://devtools/shared/ThreadSafeDevToolsUtils.js:103:22
Line: 97, column: 1
console.error: (new TypeError("browsingContext.currentWindowGlobal is null", "resource://devtools/server/actors/network-monitor/utils/network-utils.js", 97))
Handler function threw an exception: TypeError: httpActivity.owner is null
Stack: _onResponseHeader@resource://devtools/server/actors/network-monitor/network-observer.js:1037:5
_dispatchActivity@resource://devtools/server/actors/network-monitor/network-observer.js:577:14
NetworkObserver.prototype.observeActivity<@resource://devtools/server/actors/network-monitor/network-observer.js:686:12
exports.makeInfallible/<@resource://devtools/shared/ThreadSafeDevToolsUtils.js:103:22
Line: 1037, column: 5
console.error: (new TypeError("httpActivity.owner is null", "resource://devtools/server/actors/network-monitor/network-observer.js", 1037))
Handler function _httpStopRequest threw an exception: TypeError: browsingContext.currentWindowGlobal is null
Stack: isChannelFromSystemPrincipal@resource://devtools/server/actors/network-monitor/utils/network-utils.js:97:1
exports.createNetworkEvent@resource://devtools/server/actors/network-monitor/utils/network-utils.js:186:33
_createNetworkEvent@resource://devtools/server/actors/network-monitor/network-observer.js:729:32
_httpStopRequest@resource://devtools/server/actors/network-monitor/network-observer.js:356:14
exports.makeInfallible/<@resource://devtools/shared/ThreadSafeDevToolsUtils.js:103:22
Line: 97, column: 1
console.error: (new TypeError("browsingContext.currentWindowGlobal is null", "resource://devtools/server/actors/network-monitor/utils/network-utils.js", 97))
console.warn: "Listener for event 'frame' did not return a promise."
Handler function threw an exception: TypeError: browsingContext.currentWindowGlobal is null
Stack: isChannelFromSystemPrincipal@resource://devtools/server/actors/network-monitor/utils/network-utils.js:97:1
exports.createNetworkEvent@resource://devtools/server/actors/network-monitor/utils/network-utils.js:186:33
_createNetworkEvent@resource://devtools/server/actors/network-monitor/network-observer.js:729:32
_onRequestHeader@resource://devtools/server/actors/network-monitor/network-observer.js:775:10
NetworkObserver.prototype.observeActivity<@resource://devtools/server/actors/network-monitor/network-observer.js:656:12
exports.makeInfallible/<@resource://devtools/shared/ThreadSafeDevToolsUtils.js:103:22
Line: 97, column: 1
console.error: (new TypeError("browsingContext.currentWindowGlobal is null", "resource://devtools/server/actors/network-monitor/utils/network-utils.js", 97))
Handler function threw an exception: TypeError: httpActivity.owner is null
Stack: _onResponseHeader@resource://devtools/server/actors/network-monitor/network-observer.js:1037:5
_dispatchActivity@resource://devtools/server/actors/network-monitor/network-observer.js:577:14
NetworkObserver.prototype.observeActivity<@resource://devtools/server/actors/network-monitor/network-observer.js:686:12
exports.makeInfallible/<@resource://devtools/shared/ThreadSafeDevToolsUtils.js:103:22
Line: 1037, column: 5
console.error: (new TypeError("httpActivity.owner is null", "resource://devtools/server/actors/network-monitor/network-observer.js", 1037))
Handler function _httpStopRequest threw an exception: TypeError: browsingContext.currentWindowGlobal is null
Stack: isChannelFromSystemPrincipal@resource://devtools/server/actors/network-monitor/utils/network-utils.js:97:1
exports.createNetworkEvent@resource://devtools/server/actors/network-monitor/utils/network-utils.js:186:33
_createNetworkEvent@resource://devtools/server/actors/network-monitor/network-observer.js:729:32
_httpStopRequest@resource://devtools/server/actors/network-monitor/network-observer.js:356:14
exports.makeInfallible/<@resource://devtools/shared/ThreadSafeDevToolsUtils.js:103:22
Line: 97, column: 1
console.error: (new TypeError("browsingContext.currentWindowGlobal is null", "resource://devtools/server/actors/network-monitor/utils/network-utils.js", 97))
console.warn: "Listener for event 'frame' did not return a promise."
console.warn: "Listener for event 'frame' did not return a promise."
console.warn: "Listener for event 'frame' did not return a promise."
console.warn: "Listener for event 'frame' did not return a promise."
console.warn: "Listener for event 'frame' did not return a promise."
console.warn: "Listener for event 'frame' did not return a promise."
[Child 5437, MediaDecoderStateMachine #3] WARNING: Decoder=7f01f6a37a00 state=DECODING_METADATA Decode metadata failed, shutting down decoder: file /builds/worker/checkouts/gecko/dom/media/MediaDecoderStateMachine.cpp:370
[Child 5437, MediaDecoderStateMachine #3] WARNING: Decoder=7f01f6a37a00 Decode error: NS_ERROR_DOM_MEDIA_METADATA_ERR (0x806e0006): file /builds/worker/checkouts/gecko/dom/media/MediaDecoderStateMachineBase.cpp:151
console.error: "Unable to find target with innerWindowId:4294967497"
console.warn: "Listener for event 'frame' did not return a promise."
console.warn: "Listener for event 'frame' did not return a promise."
[Child 5437, MediaDecoderStateMachine #3] WARNING: Decoder=7f01f8b52e00 state=DECODING_METADATA Decode metadata failed, shutting down decoder: file /builds/worker/checkouts/gecko/dom/media/MediaDecoderStateMachine.cpp:370
[Child 5437, MediaDecoderStateMachine #3] WARNING: Decoder=7f01f8b52e00 Decode error: NS_ERROR_DOM_MEDIA_METADATA_ERR (0x806e0006): file /builds/worker/checkouts/gecko/dom/media/MediaDecoderStateMachineBase.cpp:151
console.error: "Unable to find target with innerWindowId:4294967513"
console.error: "Unable to find target with innerWindowId:4294967513"
console.warn: "Listener for event 'frame' did not return a promise."
[Child 5437, MediaDecoderStateMachine #3] WARNING: Decoder=7f01f8af7700 state=DECODING_METADATA Decode metadata failed, shutting down decoder: file /builds/worker/checkouts/gecko/dom/media/MediaDecoderStateMachine.cpp:370
[Child 5437, MediaDecoderStateMachine #3] WARNING: Decoder=7f01f8af7700 Decode error: NS_ERROR_DOM_MEDIA_METADATA_ERR (0x806e0006): file /builds/worker/checkouts/gecko/dom/media/MediaDecoderStateMachineBase.cpp:151
JavaScript error: , line 0: NotFoundError: No such JSWindowActor 'DevToolsFrame'
JavaScript error: , line 0: NotFoundError: No such JSWindowActor 'DevToolsFrame'
JavaScript error: , line 0: NotFoundError: No such JSWindowActor 'DevToolsFrame'
JavaScript error: resource://gre/modules/XULStore.jsm, line 58: Error: Can't find profile directory.
JavaScript error: resource://gre/modules/XULStore.jsm, line 58: Error: Can't find profile directory.
[Child 5437, MediaDecoderStateMachine #3] WARNING: Decoder=7f020e01cc00 state=DECODING_METADATA Decode metadata failed, shutting down decoder: file /builds/worker/checkouts/gecko/dom/media/MediaDecoderStateMachine.cpp:370
[Child 5437, MediaDecoderStateMachine #3] WARNING: Decoder=7f020e01cc00 Decode error: NS_ERROR_DOM_MEDIA_METADATA_ERR (0x806e0006): file /builds/worker/checkouts/gecko/dom/media/MediaDecoderStateMachineBase.cpp:151
[Child 5437, MediaDecoderStateMachine #3] WARNING: Decoder=7f0205db6500 state=DECODING_METADATA Decode metadata failed, shutting down decoder: file /builds/worker/checkouts/gecko/dom/media/MediaDecoderStateMachine.cpp:370
[Child 5437, MediaDecoderStateMachine #3] WARNING: Decoder=7f0205db6500 Decode error: NS_ERROR_DOM_MEDIA_METADATA_ERR (0x806e0006): file /builds/worker/checkouts/gecko/dom/media/MediaDecoderStateMachineBase.cpp:151
[Child 5437, MediaDecoderStateMachine #3] WARNING: Decoder=7f020df0a000 state=DECODING_METADATA Decode metadata failed, shutting down decoder: file /builds/worker/checkouts/gecko/dom/media/MediaDecoderStateMachine.cpp:370
[Child 5437, MediaDecoderStateMachine #3] WARNING: Decoder=7f020df0a000 Decode error: NS_ERROR_DOM_MEDIA_METADATA_ERR (0x806e0006): file /builds/worker/checkouts/gecko/dom/media/MediaDecoderStateMachineBase.cpp:151
console.warn: "Listener for event 'frame' did not return a promise."
console.warn: "Listener for event 'frame' did not return a promise."
console.warn: "Listener for event 'frame' did not return a promise."
console.error: (new TypeError("currentNode is null", "resource://devtools/client/inspector/shared/style-change-tracker.js", 66))
TypeError: currentNode is null: canMutationImpactCurrentStyles@resource://devtools/client/inspector/shared/style-change-tracker.js:66:20
onMutations@resource://devtools/client/inspector/shared/style-change-tracker.js:84:41
_emit@resource://devtools/shared/event-emitter.js:242:32
emit@resource://devtools/shared/event-emitter.js:186:18
emit@resource://devtools/shared/event-emitter.js:330:18
getMutations@resource://devtools/client/fronts/walker.js:313:10

console.error: (new TypeError("currentNode is null", "resource://devtools/client/inspector/shared/style-change-tracker.js", 66))
TypeError: currentNode is null: canMutationImpactCurrentStyles@resource://devtools/client/inspector/shared/style-change-tracker.js:66:20
onMutations@resource://devtools/client/inspector/shared/style-change-tracker.js:84:41
_emit@resource://devtools/shared/event-emitter.js:242:32
emit@resource://devtools/shared/event-emitter.js:186:18
emit@resource://devtools/shared/event-emitter.js:330:18
getMutations@resource://devtools/client/fronts/walker.js:313:10

console.error: "Unable to find target with innerWindowId:4294967537"
console.warn: "Listener for event 'frame' did not return a promise."
[Child 5437, MediaDecoderStateMachine #4] WARNING: Decoder=7f01fc3d2a00 state=DECODING_METADATA Decode metadata failed, shutting down decoder: file /builds/worker/checkouts/gecko/dom/media/MediaDecoderStateMachine.cpp:370
[Child 5437, MediaDecoderStateMachine #4] WARNING: Decoder=7f01fc3d2a00 Decode error: NS_ERROR_DOM_MEDIA_METADATA_ERR (0x806e0006): file /builds/worker/checkouts/gecko/dom/media/MediaDecoderStateMachineBase.cpp:151
JavaScript error: , line 0: NotFoundError: No such JSWindowActor 'DevToolsFrame'
JavaScript error: , line 0: NotFoundError: No such JSWindowActor 'DevToolsFrame'
JavaScript error: , line 0: NotFoundError: No such JSWindowActor 'DevToolsFrame'
JavaScript error: , line 0: NotFoundError: No such JSWindowActor 'DevToolsFrame'
JavaScript error: , line 0: AbortError: The fetching process for the media resource was aborted by the user agent at the user's request.
JavaScript error: resource://gre/modules/AsyncShutdown.jsm, line 574: NotFoundError: No such JSWindowActor 'DevToolsFrame'
JavaScript error: resource://gre/modules/AsyncShutdown.jsm, line 574: NotFoundError: No such JSWindowActor 'DevToolsFrame'
JavaScript error: resource://gre/modules/AsyncShutdown.jsm, line 574: NotFoundError: No such JSWindowActor 'DevToolsFrame'
1669091171754	Marionette	INFO	Stopped listening on port 41839
